event_id,cluster_id,event_name,event_type,status,default_vote,amendment_id,controversy_score,signals,route_hint,evidence_grade,included_in_13_seed,independence_unit,source_ids,source_urls,description
known-fixenforcenftokentrustlinev2,nft,fixEnforceNFTokenTrustlineV2,amendment_candidate,Enabled,No,B32752F7DCC41FB86534118FC4EEC8F56E7BD0A7DB60FD73F93F257233C08E3A,23,known_bug|asset_control_or_compliance|follow_up_fix|new_financial_primitive|security_or_liveness|user_fund_or_accounting_risk|default_no_surface,PROCEED_AFTER_REVIEW,A,False,real_amendment_or_named_protocol_event,xrpl_known_amendments_page_data|xrpl_known_amendments|xrpl_amendments_process,https://xrpl.org/resources/known-amendments#fixenforcenftokentrustlinev2|https://xrpl.org/page-data/resources/known-amendments/data.json|https://xrpl.org/docs/concepts/networks-and-servers/amendments/,"Fix a bug where NFT transfer fees could bypass certain limitations on receiving tokens, specifically: Prevent an NFT issuer from receiving fungible tokens as transfer fees if the fungible tokens' issuer uses authorized trust lines and the NFT issuer's trust line is not authorized.Prevent an NFT issuer from receiving fungible tokens as transfer fees on a deep-frozen trust line. Without this amendment, NFT transfer fees could be paid to an NFT issuer circumventing these restrictions."
known-fixremovenftokenautotrustline,nft,fixRemoveNFTokenAutoTrustLine,amendment_candidate,Enabled,Yes,DF8B4536989BDACE3F934F29423848B9F1D76D09BE6A1FCFE7E7F06AA26ABEAD,22,known_bug|asset_control_or_compliance|follow_up_fix|new_financial_primitive|security_or_liveness|user_fund_or_accounting_risk,PROCEED_AFTER_REVIEW,A,False,real_amendment_or_named_protocol_event,xrpl_known_amendments_page_data|xrpl_known_amendments|xrpl_amendments_process,https://xrpl.org/resources/known-amendments#fixremovenftokenautotrustline|https://xrpl.org/page-data/resources/known-amendments/data.json|https://xrpl.org/docs/concepts/networks-and-servers/amendments/,"Removes the tfTrustLine setting on non-fungible tokens, to protect against a denial of service attack on issuers using this flag. With this amendment enabled, a NFTokenMint transaction with the tfTrustLine flag enabled is considered invalid and cannot be confirmed by consensus; new NFToken objects cannot be minted with the flag. Without this amendment, an attacker could create new, meaningless fungible tokens and sell a NFToken back and forth for those tokens, creating many useless trust lines tied to the issuer and increasing the issuer's reserve requirement. This amendment does not change the code for NFToken objects that have already been minted. On test networks that enabled NFT support before this amendment, issuers who have already minted NFTokens with the tfTrustLine flag enabled are still vulnerable to the exploit even after the fixRemoveNFTokenAutoTrustLine amendment. This amendment has no effect unless either NonFungibleTokensV1 or NonFungibleTokensV1_1 is enabled. To protect issuers, this amendment should be enabled before NonFungibleTokensV1 or NonFungibleTokensV1_1."
incident-permission-delegation-vulnerability-2025,permissioned-access,PermissionDelegation vulnerability and validator no-vote response,vulnerability_response,prevented before mainnet activation,No,,21,known_bug|obsolete_or_disabled|security_or_liveness|asset_control_or_compliance|public_debate|user_fund_or_accounting_risk,REJECT,A,True,real_public_incident_or_release_response,xrpl_permission_delegation_vulnerability_2025|xrpl_rippled_2_6_1|xrpl_known_amendments,https://xrpl.org/blog/2025/vulnerabilitydisclosurereport-bug-sep2025|https://xrpl.org/blog/2025/rippled-2.6.1|https://xrpl.org/resources/known-amendments,"Official disclosure says PermissionDelegation could let one account charge fees to another, validators were advised to vote No, and 2.6.1 disabled the amendment."
known-fixnonfungibletokensv1-2,nft,fixNonFungibleTokensV1_2,amendment_candidate,Enabled,No,73761231F7F3D94EC3D8C63D91BDD0D89045C6F71B917D1925C01253515A6669,20,known_bug|asset_control_or_compliance|follow_up_fix|new_financial_primitive|user_fund_or_accounting_risk|default_no_surface,PROCEED_AFTER_REVIEW,A,False,real_amendment_or_named_protocol_event,xrpl_known_amendments_page_data|xrpl_known_amendments|xrpl_amendments_process,https://xrpl.org/resources/known-amendments#fixnonfungibletokensv1_2|https://xrpl.org/page-data/resources/known-amendments/data.json|https://xrpl.org/docs/concepts/networks-and-servers/amendments/,"Amendment fixNonFungibleTokensV1_2 is a combination of bug fixes that have been individually merged into feature/nft-fixes through the pull request process. Fix Unburnable NFT Currently, an NFT cannot be burned when it has over 500 offers. To remove this restriction, this change deletes exactly 500 offers upon burning the NFT, leaving any remaining offers untouched. This addresses a concern where the issuer account cannot burn an NFT that has enabled the lsfBurnable flag, due to the exceeding number of offers. See PR 4346. Fix 3 Issues Around NFToken Offer Acceptance Issue 1: Resolve situation where an account is unable to broker a deal due to an erroneous insufficient funds condition. Issue 2: Resolve situation where a buyer has insufficient funds to cover a transfer fee on the account. Issue 3: Enable currency issuers to buy and sell NFTs using their own currency. See PR 4380. Prevent Brokered Sale of NFToken to Owner (fix #4374) This fix prevents a broker from selling an NFT to the account that already owns the token. See Issue 4374. Only allow the destination to settle an NFT offer through brokerage (fix #4373) If you set a destination on an NFT offer, only that destination can settle through brokerage (fix #4373). See Issue 4373."
known-fixenforcenftokentrustline,nft,fixEnforceNFTokenTrustline,amendment_candidate,Enabled,No,763C37B352BE8C7A04E810F8E462644C45AFEAD624BF3894A08E5C917CF9FF39,20,known_bug|asset_control_or_compliance|follow_up_fix|new_financial_primitive|user_fund_or_accounting_risk|default_no_surface,PROCEED_AFTER_REVIEW,A,False,real_amendment_or_named_protocol_event,xrpl_known_amendments_page_data|xrpl_known_amendments|xrpl_amendments_process,https://xrpl.org/resources/known-amendments#fixenforcenftokentrustline|https://xrpl.org/page-data/resources/known-amendments/data.json|https://xrpl.org/docs/concepts/networks-and-servers/amendments/,"Fixes two bugs relating to the handling of NFT transfer fees and trust lines: Adds a check to NFTokenAcceptOffer transactions to ensure that the minter has a trust line to accept the transfer fee. Without this amendment, the check only applies when an NFT trade offer is created, not when the offer is accepted; as a result, if a necessary trust line is removed in between creating and accepting the offer, the trust line is inappropriate re-created when the offer is accepted. With this amendment, the transaction to accept the NFT trade offer fails if the minter no longer has a trust line to accept the transfer fee. (For more detail, see issue #4925.)Adjusts a check for the presence of a trust line when the minter of the NFT is also the issuer of the fungible token that would be paid as a transfer fee. Without this amendment, the NFTokenCreateOffer transaction fails with the result code tecNO_LINE if the NFT in question has a transfer fee, the offer amount is denominated in fungible tokens issued by the minter, and the account placing the offer does not have a trust line for those tokens. With the amendment, the offer can be created successfully. (For more detail, see issue #4941.)"
known-fixammv1-2,amm,fixAMMv1_2,amendment_candidate,Enabled,No,1E7ED950F2F13C4F8E2A54103B74D57D5D298FFDBD005936164EE9E6484C438C,20,known_bug|asset_control_or_compliance|follow_up_fix|new_financial_primitive|user_fund_or_accounting_risk|default_no_surface,PROCEED_AFTER_REVIEW,A,False,real_amendment_or_named_protocol_event,xrpl_known_amendments_page_data|xrpl_known_amendments|xrpl_amendments_process,https://xrpl.org/resources/known-amendments#fixammv1_2|https://xrpl.org/page-data/resources/known-amendments/data.json|https://xrpl.org/docs/concepts/networks-and-servers/amendments/,Fixes two bugs in Automated Market Maker (AMM) transaction processing: Fixes a bug that causes AMMWithdraw to not properly apply a reserve check before creating trust lines in some cases.Fixes a bug in payment processing that causes cross-currency payments not to use the full amount of liquidity available from the combination of AMM and order books in some cases.
known-fixammclawbackrounding,amm,fixAMMClawbackRounding,amendment_candidate,Open for Voting,No,5E9586DB3D765B4C5794658FB6BB385071E9838DF4016027E6E26820C8526724,20,asset_control_or_compliance|follow_up_fix|new_financial_primitive|security_or_liveness|user_fund_or_accounting_risk|active_vote_surface|default_no_surface,PROCEED_AFTER_REVIEW,A,False,real_amendment_or_named_protocol_event,xrpl_known_amendments_page_data|xrpl_known_amendments|xrpl_amendments_process,https://xrpl.org/resources/known-amendments#fixammclawbackrounding|https://xrpl.org/page-data/resources/known-amendments/data.json|https://xrpl.org/docs/concepts/networks-and-servers/amendments/,"Fixes an accounting error that can occur when performing an AMMClawback transaction on the last LP token holder. Due to rounding errors, the LPTokenBalance of the AMM may not match the holder's trust line balance. This amendment adjusts the LPTokenBalance to match the trust line balance before the clawback, so invariant checks pass without errors."
known-fixnftokennegoffer,nft,fixNFTokenNegOffer,amendment_candidate,Obsolete,No,36799EA497B1369B170805C078AEFE6188345F9B3E324C21E9CA3FF574E3C3D6,19,known_bug|follow_up_fix|new_financial_primitive|obsolete_or_disabled|user_fund_or_accounting_risk|default_no_surface,REJECT,A,False,real_amendment_or_named_protocol_event,xrpl_known_amendments_page_data|xrpl_known_amendments|xrpl_amendments_process,https://xrpl.org/resources/known-amendments#fixnftokennegoffer|https://xrpl.org/page-data/resources/known-amendments/data.json|https://xrpl.org/docs/concepts/networks-and-servers/amendments/,"This amendment fixes a bug in the NonFungibleTokensV1 amendment code where NFTs could be traded for negative amounts of money. Without this fix, users could place and accept an offer to buy or sell a NFToken for a negative amount of money, which resulted in the person ""buying"" the NFT also receiving money from the ""seller"". With this amendment, NFT offers for negative amounts are considered invalid. This amendment has no effect unless the NonFungibleTokensV1 amendment is enabled. This amendment is obsolete because its effects are included as part of NonFungibleTokensV1_1."
known-fixcleanup3-1-3,permissioned-access,fixCleanup3_1_3,amendment_candidate,Open for Voting,Yes,303ACB16CF8DBD3B5C34F131A9D19A7DE01AE05F480A8A682B869D1B4AAC8CFC,19,asset_control_or_compliance|follow_up_fix|new_financial_primitive|security_or_liveness|user_fund_or_accounting_risk|active_vote_surface,PROCEED_AFTER_REVIEW,A,False,real_amendment_or_named_protocol_event,xrpl_known_amendments_page_data|xrpl_known_amendments|xrpl_amendments_process,https://xrpl.org/resources/known-amendments#fixcleanup3_1_3|https://xrpl.org/page-data/resources/known-amendments/data.json|https://xrpl.org/docs/concepts/networks-and-servers/amendments/,"This amendment is a collection of fixes for NFTs, Permissioned Domains, Vaults, and the Lending Protocol: Fixes an issue with expired NFTokenOffer entries remaining on the ledger. With this amendment enabled, using the NFTokenAcceptOffer transaction on an expired NFTokenOffer now deletes it as part of transaction processing.Adds an invariant check to ensure Permissioned Domains aren't modified by failed transactions.Fixes a trust line token limit check that was skipped when withdrawing vault assets. With this amendment enabled, VaultWithdraw transactions that specify either vault shares or vault assets will respect the trust line token limit of the destination address.Fixes loan accounting information not updating in its associated Loan, LoanBroker, and Vault entries if the loan was defaulted, impaired, or unimpaired.Changes a LoanPay error to return tecNO_PERMISSION instead of temINVALID_FLAG when attempting to overpay on a loan that doesn't permit overpayments.Adds an additional check for LoanBroker invariants to ensure the listed CoverAvailable exactly matches the assets held in the associated pseudo-account."
incident-amm-vote-reversal-2024,amm,AMM / XLS-30 activation vote reversal,vote_reversal,historical incident,,,19,public_vote_reversal|known_bug|public_debate|user_fund_or_accounting_risk|new_financial_primitive,DELAY_FOR_FIX,B,True,real_public_incident_or_release_response,cryptobasic_amm_vote_reversal_2024|xrpl_known_amendments|xrpl_amendments_process,https://thecryptobasic.com/2024/02/07/xrpl-validators-revoke-votes-on-xls-30d-amm-not-launching-on-feb-14/|https://xrpl.org/resources/known-amendments|https://xrpl.org/docs/concepts/networks-and-servers/amendments/,External reporting recorded validators revoking AMM support after pre-activation testing surfaced an issue.
incident-amm-post-launch-pool-discrepancy-2024,amm,AMM post-launch pool discrepancy,post_launch_bug,historical incident,,,18,known_bug|follow_up_fix|public_debate|user_fund_or_accounting_risk|new_financial_primitive,DELAY_FOR_FIX,A,True,real_public_incident_or_release_response,xrpl_amm_status_update_2024|xrpl_amendments_process,https://xrpl.org/blog/2024/amm-status-update|https://xrpl.org/docs/concepts/networks-and-servers/amendments/,"Official update said AMM went live on 2024-03-22, pool discrepancies were found, and a fix required another amendment."
known-enforceinvariants,issuer-control,EnforceInvariants,amendment_candidate,Enabled,Yes,DC9CA96AEA1DCF83E527D1AFC916EFAF5D27388ECA4060A88817C1238CAEE0BF,18,known_bug|asset_control_or_compliance|new_financial_primitive|security_or_liveness|user_fund_or_accounting_risk,HOLD_FOR_CHALLENGE,A,False,real_amendment_or_named_protocol_event,xrpl_known_amendments_page_data|xrpl_known_amendments|xrpl_amendments_process,https://xrpl.org/resources/known-amendments#enforceinvariants|https://xrpl.org/page-data/resources/known-amendments/data.json|https://xrpl.org/docs/concepts/networks-and-servers/amendments/,"Adds sanity checks to transaction processing to ensure that certain conditions are always met. This provides an extra, independent layer of protection against bugs in transaction processing that could otherwise cause exploits and vulnerabilities in the XRP Ledger. Future versions of rippled may add more invariants without additional amendments. Introduces two new transaction error codes, tecINVARIANT_FAILED and tefINVARIANT_FAILED. Changes transaction processing to add the new checks. Examples of invariant checks: The total amount of XRP destroyed by a transaction must match the transaction cost exactly.XRP cannot be created.AccountRoot objects in the ledger cannot be deleted unless DeletableAccounts is enabled. (See also: Deleting Accounts.)An entry in the ledger cannot change its type. (The LedgerEntryType field is immutable.)There cannot be a trust line for XRP."
known-depositauth,custody-timing,DepositAuth,amendment_candidate,Enabled,Yes,F64E1EABBE79D55B3BB82020516CEC2C582A98A6BFE20FBE9BB6A0D233418064,18,known_bug|follow_up_fix|new_financial_primitive|security_or_liveness|user_fund_or_accounting_risk,PROCEED_AFTER_REVIEW,A,False,real_amendment_or_named_protocol_event,xrpl_known_amendments_page_data|xrpl_known_amendments|xrpl_amendments_process,https://xrpl.org/resources/known-amendments#depositauth|https://xrpl.org/page-data/resources/known-amendments/data.json|https://xrpl.org/docs/concepts/networks-and-servers/amendments/,"Adds a new account flag, DepositAuth, which lets an account strictly reject any incoming money from transactions sent by other accounts. Businesses can use this flag to comply with strict regulations that require due diligence before receiving money from any source. When an account enables this flag, Payment transactions fail if the account is the destination, regardless of whether the Payment would have delivered XRP or a token. EscrowFinish and PaymentChannelClaim transactions fail if the account is the destination unless the destination account itself sends those transactions. If the Checks amendment is enabled, the account can receive XRP or tokens by sending CheckCash transactions. As an exception, accounts with DepositAuth enabled can receive Payment transactions for small amounts of XRP (equal or less than the minimum account reserve) if their current XRP balance is below the account reserve. Also fixes a bug in the EscrowCreate and PaymentChannelCreate transactions where they mistakenly enforced the Disallow XRP flag, which is meant to be a non-binding advisory flag. (By not enforcing Disallow XRP in the ledger itself an account can still receive the necessary XRP to meet its account reserve and pay transaction costs.)"
incident-batch-vulnerability-2026,batch,Batch vulnerability and validator no-vote response,vulnerability_response,prevented before mainnet activation,No,,17,known_bug|obsolete_or_disabled|security_or_liveness|public_debate|user_fund_or_accounting_risk,REJECT,A,True,real_public_incident_or_release_response,xrpl_batch_vulnerability_2026|xrpl_rippled_3_1_1|xrpl_known_amendments,https://xrpl.org/blog/2026/vulnerabilitydisclosurereport-bug-feb2026|https://xrpl.org/blog/2026/rippled-3.1.1|https://xrpl.org/resources/known-amendments,"Official disclosure says a signature-validation flaw could have allowed unauthorized inner transaction execution, UNL validators were advised to vote No, and 3.1.1 marked Batch and fixBatchInnerSigs unsupported."
known-fixtokenescrowv1,mpt,fixTokenEscrowV1,amendment_candidate,Open for Voting,No,32B8614321F7E070419115ABEAB1742EA20F3E3AF34432B5E2F474F8083260DC,17,asset_control_or_compliance|follow_up_fix|new_financial_primitive|user_fund_or_accounting_risk|active_vote_surface|default_no_surface,PROCEED_AFTER_REVIEW,A,False,real_amendment_or_named_protocol_event,xrpl_known_amendments_page_data|xrpl_known_amendments|xrpl_amendments_process,https://xrpl.org/resources/known-amendments#fixtokenescrowv1|https://xrpl.org/page-data/resources/known-amendments/data.json|https://xrpl.org/docs/concepts/networks-and-servers/amendments/,"Fixes an accounting error in MPT escrows. Specifically, when an escrow unlocks MPTs that have a transfer fee, the system incorrectly reduces the MPT issuer's locked token balance by the gross amount (without fees) rather than the net amount (with fees). This leads to discrepancies in the token's total supply accounting. This amendment ensures that when escrowed MPTs are unlocked, the issuer's locked amount is reduced by the net amount, and the total supply is reduced by the transfer fees."
known-fixnftokenpagelinks,nft,fixNFTokenPageLinks,amendment_candidate,Enabled,No,C7981B764EC4439123A86CC7CCBA436E9B3FF73B3F10A0AE51882E404522FC41,16,known_bug|follow_up_fix|new_financial_primitive|security_or_liveness|default_no_surface,PROCEED_AFTER_REVIEW,A,False,real_amendment_or_named_protocol_event,xrpl_known_amendments_page_data|xrpl_known_amendments|xrpl_amendments_process,https://xrpl.org/resources/known-amendments#fixnftokenpagelinks|https://xrpl.org/page-data/resources/known-amendments/data.json|https://xrpl.org/docs/concepts/networks-and-servers/amendments/,"This amendment fixes a bug that can cause NFT directories to have missing links in the middle of the directory chain. It also introduces invariant checks that can prevent similar types of corruption from occurring in the future, and introduces a new transaction type: LedgerStateFix transactions can be used to repair corruptions in ledger data. With this amendment enabled, you can use a LedgerStateFix transaction to repair a broken link in NFT directories. In the case that future bugs cause new types of ledger corruption, this transaction type can be extended to repair the other types of corruption as well. Without this amendment, it is possible in specific circumstances to delete the last page of an NFT directory, then later create a new last page that is missing a link to the previous page. For a detailed description of the scenario that can cause this problem, see PR #4945. With this amendment, the bug that caused that corruption is fixed; additionally, a new invariant check ensures that other bugs cannot remove the last page inappropriately."
known-fixbatchinnersigs,batch,fixBatchInnerSigs,amendment_candidate,Obsolete,No,267624F8F744C4A4F1B5821A7D54410BCEBABE987F0172EE89E5FC4B6EDBC18A,16,known_bug|follow_up_fix|obsolete_or_disabled|security_or_liveness|default_no_surface,REJECT,A,False,real_amendment_or_named_protocol_event,xrpl_known_amendments_page_data|xrpl_known_amendments|xrpl_amendments_process,https://xrpl.org/resources/known-amendments#fixbatchinnersigs|https://xrpl.org/page-data/resources/known-amendments/data.json|https://xrpl.org/docs/concepts/networks-and-servers/amendments/,"This amendment fixes an issue where inner transactions of a Batch transaction would be flagged as having valid signatures. Since inner transactions aren't signed directly, they should never have valid signatures. This amendment was disabled in v3.1.1 due to a bug. It will be replaced by BatchV1_1 in a future release."
release-rippled-2-6-1-permission-delegation-disabled,permissioned-access,rippled 2.6.1 disables PermissionDelegation,release_response,release response,No,,15,known_bug|obsolete_or_disabled|security_or_liveness|asset_control_or_compliance,REJECT,A,False,real_public_incident_or_release_response,xrpl_rippled_2_6_1,https://xrpl.org/blog/2025/rippled-2.6.1,"Release notes say PermissionDelegation was disabled after a discovered bug, with a replacement planned."
known-nonfungibletokensv1-1,nft,NonFungibleTokensV1_1,amendment_candidate,Enabled,No,32A122F1352A4C7B3A6D790362CC34749C5E57FCE896377BFDC6CCD14F6CD627,15,asset_control_or_compliance|follow_up_fix|new_financial_primitive|user_fund_or_accounting_risk|default_no_surface,PROCEED_AFTER_REVIEW,A,False,real_amendment_or_named_protocol_event,xrpl_known_amendments_page_data|xrpl_known_amendments|xrpl_amendments_process,https://xrpl.org/resources/known-amendments#nonfungibletokensv1_1|https://xrpl.org/page-data/resources/known-amendments/data.json|https://xrpl.org/docs/concepts/networks-and-servers/amendments/,"Adds native support for non-fungible tokens, including fixes to several issues that were discovered after NonFungibleTokensV1. This amendment combines the effects of the following amendments, rendering the individual amendments obsolete: NonFungibleTokensV1fixNFTokenNegOfferfixNFTokenDirV1 It has no other effects. The fixRemoveNFTokenAutoTrustLine fixes an known issue with this amendment. When creating a new test network, you should make sure that these amendments should be enabled together or the fix amendment is enabled first."
known-fixinvalidtxflags,permissioned-access,fixInvalidTxFlags,amendment_candidate,Enabled,No,8EC4304A06AF03BE953EA6EDA494864F6F3F30AA002BABA35869FBB8C6AE5D52,15,asset_control_or_compliance|follow_up_fix|new_financial_primitive|security_or_liveness|default_no_surface,PROCEED_AFTER_REVIEW,A,False,real_amendment_or_named_protocol_event,xrpl_known_amendments_page_data|xrpl_known_amendments|xrpl_amendments_process,https://xrpl.org/resources/known-amendments#fixinvalidtxflags|https://xrpl.org/page-data/resources/known-amendments/data.json|https://xrpl.org/docs/concepts/networks-and-servers/amendments/,"Adds flag checks for CredentialCreate, CredentialAccept, CredentialDelete, and SignerListSet transactions. With this amendment enabled, these transactions will return a temINVALID_FLAG error if they include a flag that doesn't exist, or a contradictory combination of flags."
known-fixfrozenlptokentransfer,amm,fixFrozenLPTokenTransfer,amendment_candidate,Enabled,No,83FD6594FF83C1D105BD2B41D7E242D86ECB4A8220BD9AF4DA35CB0F69E39B2A,15,asset_control_or_compliance|follow_up_fix|new_financial_primitive|user_fund_or_accounting_risk|default_no_surface,PROCEED_AFTER_REVIEW,A,False,real_amendment_or_named_protocol_event,xrpl_known_amendments_page_data|xrpl_known_amendments|xrpl_amendments_process,https://xrpl.org/resources/known-amendments#fixfrozenlptokentransfer|https://xrpl.org/page-data/resources/known-amendments/data.json|https://xrpl.org/docs/concepts/networks-and-servers/amendments/,"This amendment fixes a loophole that enabled blacklisted accounts to transfer frozen LP tokens through alternative mechanisms, such as such as payments, checks, offers, or NFTs. With this amendment enabled, if an LP token is associated with a liquidity pool that contains at least one frozen asset, the LP token is also frozen. This means: The holder can't send the frozen LP token to other accounts.The holder can receive frozen LP tokens, but can't send them out (similar to frozen trust lines)."
known-fix1781,custody-timing,fix1781,amendment_candidate,Enabled,Yes,25BA44241B3BD880770BFA4DA21C7180576831855368CBEC6A3154FDE4A7676E,15,known_bug|follow_up_fix|new_financial_primitive|user_fund_or_accounting_risk,PROCEED_AFTER_REVIEW,A,False,real_amendment_or_named_protocol_event,xrpl_known_amendments_page_data|xrpl_known_amendments|xrpl_amendments_process,https://xrpl.org/resources/known-amendments#fix1781|https://xrpl.org/page-data/resources/known-amendments/data.json|https://xrpl.org/docs/concepts/networks-and-servers/amendments/,"Fixes a bug where certain XRP endpoints were not checked when detecting circular paths. Without this amendment, it is possible to have a payment path where the input to the path is XRP, and an intermediate path step also outputs XRP. This is a ""loop"" payment, and the payment engine disallows such paths because they can have different results when executed forward compared to backwards. With this amendment, those payments fail with the temBAD_PATH_LOOP result code instead."
known-mptokensv1,mpt,MPTokensV1,amendment_candidate,Enabled,No,950AE2EA4654E47F04AA8739C0B214E242097E802FD372D24047A89AB1F5EC38,14,asset_control_or_compliance|new_financial_primitive|security_or_liveness|user_fund_or_accounting_risk|default_no_surface,HOLD_FOR_CHALLENGE,A,True,real_amendment_or_named_protocol_event,xrpl_known_amendments_page_data|xrpl_known_amendments|xrpl_amendments_process,https://xrpl.org/resources/known-amendments#mptokensv1|https://xrpl.org/page-data/resources/known-amendments/data.json|https://xrpl.org/docs/concepts/networks-and-servers/amendments/,"Implements a new type of fungible token, called a Multi-Purpose Token (MPT). This token type is optimized to be used for common token use cases such as stablecoins, and are intended to avoid some of the complexity inherent to the XRP Ledger's existing fungible tokens which are stored in bidirectional trust lines. This amendment adds the following: New ledger entry types: MPToken - represents tokens held by a specific account, including the amount held and who issued them.MPTokenIssuance - records information and settings for a specific issuance of MPT, such as the scale and transfer fee of those tokens. Transaction types: (New) MPTokenIssuanceCreate - Define a new issuance of MPTs.(New) MPTokenIssuanceDestroy - Remove an issuance definition.(New) MPTokenIssuanceSet - Modify an issuance definition.(New) MPTokenAuthorize - Allow an account to hold a specific issuance definition.(Updated) Payment transactions can also send MPTs.(Updated) Clawback transactions can also claw back MPTs if the issuance definition allows clawback. API Methods: (New) mpt_holders method - Returns a list of accounts that hold a specific MPT issuance.(Updated) ledger_entry method - Can look up MPToken and MPTokenIssuance ledger entry types."
known-sponsor,fee-reserve,Sponsor,amendment_candidate,In Development,No,BE1F90581635DBCEBFC4678C4B54FEDDC1A17B50FD02CFE765A4132A342126AC,14,asset_control_or_compliance|new_financial_primitive|security_or_liveness|user_fund_or_accounting_risk|default_no_surface,HOLD_FOR_CHALLENGE,A,False,real_amendment_or_named_protocol_event,xrpl_known_amendments_page_data|xrpl_known_amendments|xrpl_amendments_process,https://xrpl.org/resources/known-amendments#sponsor|https://xrpl.org/page-data/resources/known-amendments/data.json|https://xrpl.org/docs/concepts/networks-and-servers/amendments/,"The Sponsor amendment removes onboarding friction by allowing companies, token issuers, and other entities to subsidize transaction costs and reserve requirements for end users. Sponsors can co-sign transactions or pre-fund sponsorships, covering fees and reserves, while sponsees retain full control of their accounts and keys. For more details, see XLS-68: Sponsored Fees and Reserves."
release-rippled-3-1-1-batch-disabled,batch,rippled 3.1.1 disables Batch and fixBatchInnerSigs,release_response,release response,No,,14,known_bug|obsolete_or_disabled|security_or_liveness|public_debate,REJECT,A,False,real_public_incident_or_release_response,xrpl_rippled_3_1_1|xrpl_batch_vulnerability_2026,https://xrpl.org/blog/2026/rippled-3.1.1|https://xrpl.org/blog/2026/vulnerabilitydisclosurereport-bug-feb2026,Release notes superseded 3.1.0 and disabled Batch and fixBatchInnerSigs due to a severe bug.
incident-malicious-transaction-crash-2024,consensus-liveness,Malicious transaction crash and brief network pause,vulnerability_response,fixed after private disclosure,,,14,known_bug|security_or_liveness|public_debate|user_fund_or_accounting_risk,DELAY_FOR_FIX,A,False,real_public_incident_or_release_response,xrpl_malicious_transaction_crash_2024,https://xrpl.org/blog/2025/vulnerabilitydisclosurereport-bug-nov2024,Official disclosure describes a malicious transaction that crashed nodes and caused the network to pause new transactions momentarily.
known-fixtrustlinestoself,issuer-control,fixTrustLinesToSelf,amendment_candidate,Enabled,No,F1ED6B4A411D8B872E65B9DCB4C8B100375B0DD3D62D07192E011D6D7F339013,14,known_bug|asset_control_or_compliance|follow_up_fix|default_no_surface,PROCEED_AFTER_REVIEW,A,False,real_amendment_or_named_protocol_event,xrpl_known_amendments_page_data|xrpl_known_amendments|xrpl_amendments_process,https://xrpl.org/resources/known-amendments#fixtrustlinestoself|https://xrpl.org/page-data/resources/known-amendments/data.json|https://xrpl.org/docs/concepts/networks-and-servers/amendments/,"This amendment removes two trust lines from an account to itself that were created due to an old bug (both on 2013-05-07). When the amendment becomes enabled, it deletes trust lines with the IDs 2F8F21EFCAFD7ACFB07D5BB04F0D2E18587820C7611305BB674A64EAB0FA71E1 and 326035D5C0560A9DA8636545DD5A1B0DFCFF63E68D491B5522B767BB00564B1A if they exist. After doing so, the amendment does nothing else. On test networks that do not have these trust lines, the amendment has no effect."
known-fixprevioustxnid,amm,fixPreviousTxnID,amendment_candidate,Enabled,No,7BB62DC13EC72B775091E9C71BF8CF97E122647693B50C5E87A80DFD6FCFAC50,14,follow_up_fix|new_financial_primitive|security_or_liveness|user_fund_or_accounting_risk|default_no_surface,PROCEED_AFTER_REVIEW,A,False,real_amendment_or_named_protocol_event,xrpl_known_amendments_page_data|xrpl_known_amendments|xrpl_amendments_process,https://xrpl.org/resources/known-amendments#fixprevioustxnid|https://xrpl.org/page-data/resources/known-amendments/data.json|https://xrpl.org/docs/concepts/networks-and-servers/amendments/,"This amendment adds PreviousTxnID and PreviousTxnLgrSequence fields to ledger entries that did not already have them, namely DirectoryNode, Amendments, FeeSettings, NegativeUNL, and AMM. Ledger entries that were created before this amendment was enabled will get the new fields whenever a transaction modifies those entries. Without this amendment, some types of ledger entries don't have those fields, which makes it harder to trace the history of modifications to those ledger entries."
known-fixnftokendirv1,nft,fixNFTokenDirV1,amendment_candidate,Obsolete,No,0285B7E5E08E1A8E4C15636F0591D87F73CB6A7B6452A932AD72BBC8E5D1CBE3,14,follow_up_fix|new_financial_primitive|obsolete_or_disabled|security_or_liveness|default_no_surface,HOLD_FOR_CHALLENGE,A,False,real_amendment_or_named_protocol_event,xrpl_known_amendments_page_data|xrpl_known_amendments|xrpl_amendments_process,https://xrpl.org/resources/known-amendments#fixnftokendirv1|https://xrpl.org/page-data/resources/known-amendments/data.json|https://xrpl.org/docs/concepts/networks-and-servers/amendments/,"This amendment fixes an off-by-one error that occurred in some corner cases when determining which NFTokenPage a NFToken object belongs on. It also adjusts the constraints of NFTokenPage invariant checks, so that certain error cases fail with a suitable error code such as tecNO_SUITABLE_TOKEN_PAGE instead of failing with a tecINVARIANT_FAILED error code. This amendment has no effect unless the NonFungibleTokensV1 amendment is enabled. This amendment is obsolete because its effects are included as part of NonFungibleTokensV1_1."
known-fixammv1-3,amm,fixAMMv1_3,amendment_candidate,Enabled,No,7CA70A7674A26FA517412858659EBC7EDEEF7D2D608824464E6FDEFD06854E14,14,follow_up_fix|new_financial_primitive|security_or_liveness|user_fund_or_accounting_risk|default_no_surface,PROCEED_AFTER_REVIEW,A,False,real_amendment_or_named_protocol_event,xrpl_known_amendments_page_data|xrpl_known_amendments|xrpl_amendments_process,https://xrpl.org/resources/known-amendments#fixammv1_3|https://xrpl.org/page-data/resources/known-amendments/data.json|https://xrpl.org/docs/concepts/networks-and-servers/amendments/,"Adds several fixes to Automated Market Maker code, specifically: Add several invariant checks to ensure that AMMs function as designed.Add rounding to AMM deposit and withdraw to ensure that the AMM's balance meets the invariant:On deposit, tokens out are rounded downward and deposit amount is rounded upward.On withdrawal, tokens in are rounded upward and withdrawal amount is rounded downward.Fix validation of AMMBid transactions to ensure that AuthAccounts cannot contain duplicates or the transaction sender."
known-credentials,permissioned-access,Credentials,amendment_candidate,Enabled,No,1CB67D082CF7D9102412D34258CEDB400E659352D3B207348889297A6D90F5EF,14,asset_control_or_compliance|new_financial_primitive|security_or_liveness|user_fund_or_accounting_risk|default_no_surface,HOLD_FOR_CHALLENGE,A,False,real_amendment_or_named_protocol_event,xrpl_known_amendments_page_data|xrpl_known_amendments|xrpl_amendments_process,https://xrpl.org/resources/known-amendments#credentials|https://xrpl.org/page-data/resources/known-amendments/data.json|https://xrpl.org/docs/concepts/networks-and-servers/amendments/,"Introduces Credentials, a set of tools for managing authorization and compliance requirements using the XRP Ledger. Adds three new transaction types for managing credentials: CredentialCreate transaction - Create a credential in the ledger.CredentialAccept transaction - Accept a credential issued to you.CredentialDelete transaction - Delete a credential from the ledger. Modifies an existing transaction type: DepositPreauth transaction - Authorizes deposits to your account. Modified to allow credential-based authorization. Adds a new field to several existing transaction types: CredentialIDs field - Credentials to prove authorization to deposit money. Added to Payment, EscrowFinish, PaymentChannelClaim, and AccountDelete transaction types. Adds a new type of ledger entry: Credential ledger entry - Stores a credential in the ledger. Modifies an existing type of ledger entry: DepositPreauth ledger entry - Records authorization for depositing to a specific account; modified to allow for credential-based authorization. Also extends the deposit_authorized API method to check for credential-based auth and extends the ledger_entry method to allow lookup of Credential entries. For more details, see XLS-70: Credentials specification."
known-confidentialtransfer,mpt,ConfidentialTransfer,amendment_candidate,In Development,No,2110E4A19966E2EF517C0A8C56A5F35099D7665B0BB89D7B126B30D50B86AAD5,14,asset_control_or_compliance|new_financial_primitive|security_or_liveness|user_fund_or_accounting_risk|default_no_surface,HOLD_FOR_CHALLENGE,A,False,real_amendment_or_named_protocol_event,xrpl_known_amendments_page_data|xrpl_known_amendments|xrpl_amendments_process,https://xrpl.org/resources/known-amendments#confidentialtransfer|https://xrpl.org/page-data/resources/known-amendments/data.json|https://xrpl.org/docs/concepts/networks-and-servers/amendments/,"Provides institutional-grade privacy for Multi-Purpose Tokens (MPTs) using advanced cryptography (EC-ElGamal and ZKPs). Individual balances and transfer amounts remain shielded from the public ledger while maintaining compliance mechanisms for authorized parties (issuers, auditors, or designated entities) to verify total supply and meet regulatory obligations. For more details, see XLS-96: Confidential Transfers."
known-tokenescrow,mpt,TokenEscrow,amendment_candidate,Open for Voting,No,138B968F25822EFBF54C00F97031221C47B1EAB8321D93C7C2AEAF85F04EC5DF,13,asset_control_or_compliance|new_financial_primitive|user_fund_or_accounting_risk|active_vote_surface|default_no_surface,HOLD_FOR_CHALLENGE,A,True,real_amendment_or_named_protocol_event,xrpl_known_amendments_page_data|xrpl_known_amendments|xrpl_amendments_process,https://xrpl.org/resources/known-amendments#tokenescrow|https://xrpl.org/page-data/resources/known-amendments/data.json|https://xrpl.org/docs/concepts/networks-and-servers/amendments/,"Extends escrow functionality to fungible tokens, enabling Trust Line Tokens and Multi-Purpose Tokens (MPTs) to be held in escrow. Issuers can control whether their tokens can be escrowed through flags. To issue Trust Line Tokens, issuers must enable the Allow TrustLine Locking flag on their account, or the Can Escrow and Can Transfer flags for an MPT issuance. Modifies existing transactions: EscrowCreate - Can now escrow fungible tokens in addition to XRP.EscrowFinish - Can now deliver escrowed fungible tokens to recipients.EscrowCancel - Can now return escrowed fungible tokens to senders.AccountSet - Can now enable the Allow Trust Line Locking flag to allow Trust Line Tokens issued by an account to be escrowed. Updates existing ledger entry types: Escrow - Adds support for fungible token amounts and two new fields; TransferRate and IssuerNode.MPToken - Adds optional LockedAmount field to track tokens in escrow.MPTokenIssuance - Adds optional LockedAmount field to track tokens in escrow.AccountRoot - Adds Allow Trust Line Locking flag. Specification: XLS-85"
known-singleassetvault,vault-lending,SingleAssetVault,amendment_candidate,Open for Voting,No,81BD2619B6B3C8625AC5D0BC01DE17F06C3F0AB95C7C87C93715B87A4FD240D8,13,asset_control_or_compliance|new_financial_primitive|user_fund_or_accounting_risk|active_vote_surface|default_no_surface,HOLD_FOR_CHALLENGE,A,True,real_amendment_or_named_protocol_event,xrpl_known_amendments_page_data|xrpl_known_amendments|xrpl_amendments_process,https://xrpl.org/resources/known-amendments#singleassetvault|https://xrpl.org/page-data/resources/known-amendments/data.json|https://xrpl.org/docs/concepts/networks-and-servers/amendments/,Creates a structure for aggregating assets from multiple depositors. This is intended to be used with the on-chain Lending Protocol. New ledger entry types: Vault entry New transactions: VaultClawback transactionVaultCreate transactionVaultDelete transactionVaultDeposit transactionVaultSet transactionVaultWithdraw transaction New API methods: vault_info method Specification: XLS-65.
known-permissioneddomains,permissioned-access,PermissionedDomains,amendment_candidate,Open for Voting,No,A730EB18A9D4BB52502C898589558B4CCEB4BE10044500EE5581137A2E80E849,13,asset_control_or_compliance|new_financial_primitive|user_fund_or_accounting_risk|active_vote_surface|default_no_surface,HOLD_FOR_CHALLENGE,A,True,real_amendment_or_named_protocol_event,xrpl_known_amendments_page_data|xrpl_known_amendments|xrpl_amendments_process,https://xrpl.org/resources/known-amendments#permissioneddomains|https://xrpl.org/page-data/resources/known-amendments/data.json|https://xrpl.org/docs/concepts/networks-and-servers/amendments/,"Permissioned domains are controlled environments within the broader ecosystem of the XRP Ledger blockchain. Domains do nothing on their own, but features such as Permissioned DEXes and Lending Protocols can use domains to restrict access, so that traditional financial institutions can offer services on chain while complying with various compliance rules. This amendment creates a new ledger entry type, PermissionedDomain, and new transactions, PermissionedDomainSet (creates or modifies permissioned domains) and PermissionedDomainDelete (deletes permissioned domains)."
known-permissioneddex,permissioned-access,PermissionedDEX,amendment_candidate,Open for Voting,No,677E401A423E3708363A36BA8B3A7D019D21AC5ABD00387BDBEA6BDE4C91247E,13,asset_control_or_compliance|new_financial_primitive|user_fund_or_accounting_risk|active_vote_surface|default_no_surface,HOLD_FOR_CHALLENGE,A,True,real_amendment_or_named_protocol_event,xrpl_known_amendments_page_data|xrpl_known_amendments|xrpl_amendments_process,https://xrpl.org/resources/known-amendments#permissioneddex|https://xrpl.org/page-data/resources/known-amendments/data.json|https://xrpl.org/docs/concepts/networks-and-servers/amendments/,"Creates Permissioned DEXes, controlled environments for trading within the XRP Ledger's decentralized exchange (DEX). Trading in a permissioned DEX works like trading in the open DEX, except that a permissioned domain controls who can place and accept offers. Specification: XLS-81"
known-permissiondelegation,permissioned-access,PermissionDelegation,amendment_candidate,Obsolete,No,AE6AB9028EEB7299EBB03C7CBCC3F2A4F5FBE00EA28B8223AA3118A0B436C1C5,13,known_bug|asset_control_or_compliance|obsolete_or_disabled|default_no_surface,REJECT,A,True,real_amendment_or_named_protocol_event,xrpl_known_amendments_page_data|xrpl_known_amendments|xrpl_amendments_process,https://xrpl.org/resources/known-amendments#permissiondelegation|https://xrpl.org/page-data/resources/known-amendments/data.json|https://xrpl.org/docs/concepts/networks-and-servers/amendments/,Allows accounts to delegate some permissions to other accounts. Specification: XLS-75. This amendment was disabled in v2.6.1 due to a bug. It will be replaced by PermissionDelegationV1_1 in a future release.
known-paychan,custody-timing,PayChan,amendment_candidate,Enabled,Yes,08DE7D96082187F6E6578530258C77FAABABE4C20474BDB82F04B021F1A68647,13,asset_control_or_compliance|new_financial_primitive|security_or_liveness|user_fund_or_accounting_risk,HOLD_FOR_CHALLENGE,A,False,real_amendment_or_named_protocol_event,xrpl_known_amendments_page_data|xrpl_known_amendments|xrpl_amendments_process,https://xrpl.org/resources/known-amendments#paychan|https://xrpl.org/page-data/resources/known-amendments/data.json|https://xrpl.org/docs/concepts/networks-and-servers/amendments/,"Creates ""Payment Channels"" for XRP. Payment channels are a tool for facilitating repeated, unidirectional payments or temporary credit between two parties. This feature is expected to be useful for the Interledger Protocol. One party creates a Payment Channel and sets aside some XRP in that channel for a predetermined expiration. Then, through off-ledger secure communications, the sender can send ""Claim"" messages to the receiver. The receiver can redeem the Claim messages before the expiration, or choose not to in case the payment is not needed. The receiver can verify Claims individually without actually distributing them to the network and waiting for the consensus process to redeem them, then redeem the combined content of many small Claims later, as long as it is within the expiration. Creates three new transaction types: PaymentChannelCreate, PaymentChannelClaim, and PaymentChannelFund. Creates a new ledger object type, PayChannel. Defines an off-ledger data structure called a Claim; the PaymentChannelClaim uses a signature for this data structure. Creates new rippled API methods: channel_authorize (creates a signed Claim), channel_verify (verifies a signed Claim), and account_channels (lists Channels associated with an account). For more information, see the Payment Channels Tutorial."
known-ownerpaysfee,dex-offer-path,OwnerPaysFee,amendment_candidate,Obsolete,N/A,9178256A980A86CF3D70D0260A7DA6402AAFE43632FDBCB88037978404188871,13,follow_up_fix|new_financial_primitive|obsolete_or_disabled|user_fund_or_accounting_risk,PROCEED_AFTER_REVIEW,A,False,real_amendment_or_named_protocol_event,xrpl_known_amendments_page_data|xrpl_known_amendments|xrpl_amendments_process,https://xrpl.org/resources/known-amendments#ownerpaysfee|https://xrpl.org/page-data/resources/known-amendments/data.json|https://xrpl.org/docs/concepts/networks-and-servers/amendments/,"Fixes an inconsistency in the way transfer fees are calculated between OfferCreate and Payment transaction types. Without this amendment, the holder of the token pays the transfer fee if an offer is executed in offer placement, but the initial sender of a transaction pays the transfer fees for offers that are executed as part of payment processing. With this amendment, the holder of the token always pays the transfer fee, regardless of whether the offer is executed as part of a Payment or an OfferCreate transaction. Offer processing outside of payments is unaffected. This Amendment requires the Flow Amendment to be enabled. An incomplete version of this amendment was introduced in v0.33.0 and removed in v0.80.0. (It was never enabled.)"
known-nonfungibletokensv1,nft,NonFungibleTokensV1,amendment_candidate,Obsolete,No,3C43D9A973AA4443EF3FC38E42DD306160FBFFDAB901CD8BAA15D09F2597EB87,13,new_financial_primitive|obsolete_or_disabled|security_or_liveness|user_fund_or_accounting_risk|default_no_surface,HOLD_FOR_CHALLENGE,A,False,real_amendment_or_named_protocol_event,xrpl_known_amendments_page_data|xrpl_known_amendments|xrpl_amendments_process,https://xrpl.org/resources/known-amendments#nonfungibletokensv1|https://xrpl.org/page-data/resources/known-amendments/data.json|https://xrpl.org/docs/concepts/networks-and-servers/amendments/,"Adds native support for non-fungible tokens. Standards Draft: XLS-20d. There are several known issues with this amendment including one that can cause tecINVARIANT_FAILED errors to appear in the ledger. It has been replaced by the NonFungibleTokensV1_1 amendment. This amendment adds 5 new transaction types: NFTokenAcceptOfferNFTokenBurnNFTokenCancelOfferNFTokenCreateOfferNFTokenMint It also adds 2 new ledger object types: NFTokenOffer objectNFTokenPage object Additionally, it modifies the AccountRoot object type to add 3 new optional fields: MintedNFTokens, BurnedNFTokens, and NFTokenMinter. It also modifies the AccountSet transaction type to allow you to set the NFTokenMinter field."
known-fixxchainrewardrounding,cross-chain,fixXChainRewardRounding,amendment_candidate,Open for Voting,No,2BF037D90E1B676B17592A8AF55E88DB465398B4B597AE46EECEE1399AB05699,13,follow_up_fix|new_financial_primitive|user_fund_or_accounting_risk|active_vote_surface|default_no_surface,PROCEED_AFTER_REVIEW,A,False,real_amendment_or_named_protocol_event,xrpl_known_amendments_page_data|xrpl_known_amendments|xrpl_amendments_process,https://xrpl.org/resources/known-amendments#fixxchainrewardrounding|https://xrpl.org/page-data/resources/known-amendments/data.json|https://xrpl.org/docs/concepts/networks-and-servers/amendments/,"This amendment ensures that reward shares for cross-chain transactions are always rounded down. This preserves the original intended behavior. Without this amendment, the XChainBridge amendment has an incompatibility with the fixUniversalNumber amendment. When those two amendments are both enabled, the Number type may be used for some intermediate calculations of token amounts. In some cases, values that used to round down instead are rounded to nearest, which alters the intended rounding behavior for reward shares in cross-chain transactions. This amendment restores the intended rounding behavior. It has no effect unless both the XChainBridge and fixUniversalNumber amendments are also enabled."
known-fixpriceoracleorder,protocol-cleanup,fixPriceOracleOrder,amendment_candidate,Open for Voting,No,FF2D1E13CF6D22427111B967BD504917F63A900CECD320D6FD3AC9FA90344631,13,follow_up_fix|new_financial_primitive|security_or_liveness|active_vote_surface|default_no_surface,PROCEED_AFTER_REVIEW,A,False,real_amendment_or_named_protocol_event,xrpl_known_amendments_page_data|xrpl_known_amendments|xrpl_amendments_process,https://xrpl.org/resources/known-amendments#fixpriceoracleorder|https://xrpl.org/page-data/resources/known-amendments/data.json|https://xrpl.org/docs/concepts/networks-and-servers/amendments/,"Fixes an issue where the order of asset pair data is different from when a price oracle is created versus when it is updated. This amendment ensures asset pairs follow a canonical order at all times, so you can predictably look up asset prices."
known-fixmptdeliveredamount,mpt,fixMPTDeliveredAmount,amendment_candidate,Open for Voting,No,AB8D932A5F338903FE5BCBD80B611FFED70839ABA3170E9CE01D947C0EDEDCF2,13,follow_up_fix|new_financial_primitive|user_fund_or_accounting_risk|active_vote_surface|default_no_surface,PROCEED_AFTER_REVIEW,A,False,real_amendment_or_named_protocol_event,xrpl_known_amendments_page_data|xrpl_known_amendments|xrpl_amendments_process,https://xrpl.org/resources/known-amendments#fixmptdeliveredamount|https://xrpl.org/page-data/resources/known-amendments/data.json|https://xrpl.org/docs/concepts/networks-and-servers/amendments/,"This amendment adds missing DeliveredAmount and delivered_amount metadata fields from direct MPT Payment transactions. Without this amendment, direct MPT payments deliver the full amount but do not have the metadata fields to summarize how much was delivered."
known-fixincludekeyletfields,custody-timing,fixIncludeKeyletFields,amendment_candidate,Open for Voting,No,6143A27B71F7DAF9330ECA7C5EC3D54C8083A4FDEF7016737EEC06AB61E82EE0,13,follow_up_fix|new_financial_primitive|security_or_liveness|active_vote_surface|default_no_surface,PROCEED_AFTER_REVIEW,A,False,real_amendment_or_named_protocol_event,xrpl_known_amendments_page_data|xrpl_known_amendments|xrpl_amendments_process,https://xrpl.org/resources/known-amendments#fixincludekeyletfields|https://xrpl.org/page-data/resources/known-amendments/data.json|https://xrpl.org/docs/concepts/networks-and-servers/amendments/,"This amendment adds fields to ledger entries in cases where those fields are part of the identifying information that forms their ledger entry ID: Add a Sequence field to Escrow and PayChannel entries.Add an Owner field to SignerList entries.Add an OracleDocumentID field to Oracle entries. Without this amendment, some ledger entries do not store all the data that was used to create their ledger entry ID. After this amendment is enabled, ledger entries of those types have those fields added when the ledger entry is created or modified. Ledger entries that were created before the amendment are not changed until a transaction modifies them. The presence of a Sequence field on Escrow ledger entries is especially useful since you need that value to finish or cancel the escrow, and you otherwise might have to look up the sequence number of the transaction that created the escrow."
known-invariantsv1-1,amm,InvariantsV1_1,amendment_candidate,In Development,No,D8ED3BE0B2673496CB49DE8B5588C8805DF7B1DE203F38FE0367ACE703D36C0F,12,known_bug|new_financial_primitive|security_or_liveness|default_no_surface,HOLD_FOR_CHALLENGE,A,False,real_amendment_or_named_protocol_event,xrpl_known_amendments_page_data|xrpl_known_amendments|xrpl_amendments_process,https://xrpl.org/resources/known-amendments#invariantsv1_1|https://xrpl.org/page-data/resources/known-amendments/data.json|https://xrpl.org/docs/concepts/networks-and-servers/amendments/,"This amendment adds several new invariants to protect the ledger against bugs in transaction processing. The developers intend to set it as open for voting after a set of several invariants are implemented. The invariants included are as follows: When deleting an account, ensure that certain types of ledger entries are also deleted, including that account's DirectoryNode, SignerList, NFTokenPage, and AMM directories, if any, are deleted with it."
known-fixtakerdryofferremoval,dex-offer-path,fixTakerDryOfferRemoval,amendment_candidate,Enabled,Yes,2CD5286D8D687E98B41102BDD797198E81EA41DF7BD104E6561FEB104EFF2561,12,known_bug|follow_up_fix|user_fund_or_accounting_risk,PROCEED_AFTER_REVIEW,A,False,real_amendment_or_named_protocol_event,xrpl_known_amendments_page_data|xrpl_known_amendments|xrpl_amendments_process,https://xrpl.org/resources/known-amendments#fixtakerdryofferremoval|https://xrpl.org/page-data/resources/known-amendments/data.json|https://xrpl.org/docs/concepts/networks-and-servers/amendments/,"Fixes a bug in auto-bridging that can leave a dry offer in the XRP Ledger. A dry offer is an offer that, if crossed, cannot yield any funds. Without this fix, the dry offer remains on the ledger and counts toward its owner's reserve requirement without providing any benefit to the owner. Another offer crossing of the right type and quality can remove the dry offer. However, if the required offer crossing type and quality are rare, it may take a while for the dry offer to be removed. With this amendment enabled, the XRP Ledger removes these dry offers when they're matched in auto-bridging."
known-fixqualityupperbound,protocol-cleanup,fixQualityUpperBound,amendment_candidate,Enabled,Yes,89308AF3B8B10B7192C4E613E1D2E4D9BA64B2EE2D5232402AE82A6A7220D953,12,known_bug|follow_up_fix|user_fund_or_accounting_risk,PROCEED_AFTER_REVIEW,A,False,real_amendment_or_named_protocol_event,xrpl_known_amendments_page_data|xrpl_known_amendments|xrpl_amendments_process,https://xrpl.org/resources/known-amendments#fixqualityupperbound|https://xrpl.org/page-data/resources/known-amendments/data.json|https://xrpl.org/docs/concepts/networks-and-servers/amendments/,Fixes a bug in unused code for estimating the ratio of input to output of individual steps in cross-currency payments. This amendment has no known impact on transaction processing.
known-fixmasterkeyasregularkey,auth-identity,fixMasterKeyAsRegularKey,amendment_candidate,Enabled,Yes,C4483A1896170C66C098DEA5B0E024309C60DC960DE5F01CD7AF986AA3D9AD37,12,known_bug|follow_up_fix|security_or_liveness,PROCEED_AFTER_REVIEW,A,False,real_amendment_or_named_protocol_event,xrpl_known_amendments_page_data|xrpl_known_amendments|xrpl_amendments_process,https://xrpl.org/resources/known-amendments#fixmasterkeyasregularkey|https://xrpl.org/page-data/resources/known-amendments/data.json|https://xrpl.org/docs/concepts/networks-and-servers/amendments/,"Fixes a bug where accounts can set their regular key pair to match their master key pair, but cannot send transactions signed by the key if the master key is disabled. Without this fix, a user can unintentionally blackhole their account by setting the regular key to match the master key, then disabling the master key. The network rejects transactions signed with the both-master-and-regular key pair because the code interprets them as being signed with the disabled master key before it recognizes that they are signed by the currently-enabled regular key. With this amendment enabled, a SetRegularKey transaction cannot set the regular key to match the master key; such a transaction results in the transaction code temBAD_REGKEY. Additionally, this amendment changes the signature verification code so that accounts which already have their regular key set to match their master key can send transactions successfully using the key pair."
known-fixdisallowincomingv1,issuer-control,fixDisallowIncomingV1,amendment_candidate,Enabled,No,15D61F0C6DB6A2F86BCF96F1E2444FEC54E705923339EC175BD3E517C8B3FF91,12,asset_control_or_compliance|follow_up_fix|security_or_liveness|default_no_surface,PROCEED_AFTER_REVIEW,A,False,real_amendment_or_named_protocol_event,xrpl_known_amendments_page_data|xrpl_known_amendments|xrpl_amendments_process,https://xrpl.org/resources/known-amendments#fixdisallowincomingv1|https://xrpl.org/page-data/resources/known-amendments/data.json|https://xrpl.org/docs/concepts/networks-and-servers/amendments/,"This amendment fixes an issue with approving trustlines after a user enables the lsfDisallowIncomingTrustline flag on their account. To recreate this issue: An issuer sets asfRequireAuth on their account.The user sets asfDisallowIncomingTrustline on their account.The user submits a SetTrust transaction to the issuer.The issuer is unable to authorize the trustline. With this amendment, the issuer can now authorize the trustline. This amendment has no effect unless the DisallowIncoming amendment is enabled."
known-fixamendmentmajoritycalc,protocol-cleanup,fixAmendmentMajorityCalc,amendment_candidate,Enabled,Yes,4F46DF03559967AC60F2EB272FEFE3928A7594A45FF774B87A7E540DB0F8F068,12,known_bug|follow_up_fix|security_or_liveness,PROCEED_AFTER_REVIEW,A,False,real_amendment_or_named_protocol_event,xrpl_known_amendments_page_data|xrpl_known_amendments|xrpl_amendments_process,https://xrpl.org/resources/known-amendments#fixamendmentmajoritycalc|https://xrpl.org/page-data/resources/known-amendments/data.json|https://xrpl.org/docs/concepts/networks-and-servers/amendments/,"Fixes a bug that could cause an amendment to achieve a majority and later activate with support of slightly less than 80% of trusted validators due to rounding semantics. Without this amendment, the minimum threshold for amendment activation is any value that rounds to 204/256 of trusted validators, which depends on the number of trusted validators at the time. For example, an amendment could activate with exactly 28 out of 36 validators (approximately 77.8%). With this amendment, the actual minimum number of validators needed is never less than 80% of trusted validators."
known-fix1528,consensus-liveness,fix1528,amendment_candidate,Enabled,Yes,1D3463A5891F9E589C5AE839FFAC4A917CE96197098A1EF22304E1BC5B98A454,12,known_bug|follow_up_fix|security_or_liveness,PROCEED_AFTER_REVIEW,A,False,real_amendment_or_named_protocol_event,xrpl_known_amendments_page_data|xrpl_known_amendments|xrpl_amendments_process,https://xrpl.org/resources/known-amendments#fix1528|https://xrpl.org/page-data/resources/known-amendments/data.json|https://xrpl.org/docs/concepts/networks-and-servers/amendments/,"Fixes a bug where validators could build consensus ledgers with different timestamps, potentially delaying the process of declaring validated ledgers. The circumstances for this to occur require precise timing, so this bug is unlikely to happen outside of controlled test conditions. This amendment changes how validators negotiate the close time of the consensus ledger so that they cannot reach a consensus on ledger contents but build ledger versions with different timestamps."
known-fix1513,dex-offer-path,fix1513,amendment_candidate,Enabled,Yes,67A34F2CF55BFC0F93AACD5B281413176FEE195269FA6D95219A2DF738671172,12,known_bug|follow_up_fix|user_fund_or_accounting_risk,PROCEED_AFTER_REVIEW,A,False,real_amendment_or_named_protocol_event,xrpl_known_amendments_page_data|xrpl_known_amendments|xrpl_amendments_process,https://xrpl.org/resources/known-amendments#fix1513|https://xrpl.org/page-data/resources/known-amendments/data.json|https://xrpl.org/docs/concepts/networks-and-servers/amendments/,"Fixes a bug that resulted in transaction processing not using new STAmountCalcSwitchovers code when the FeeEscalation amendment is enabled. With this amendment, the new STAmountCalcSwitchovers code applies, which may cause slight changes to transaction processing due to calculation differences. Amounts may be rounded differently and offers may be executed in a different order as a result."
known-fix1512,consensus-liveness,fix1512,amendment_candidate,Enabled,Yes,6C92211186613F9647A89DFFBAB8F94C99D4C7E956D495270789128569177DA1,12,known_bug|follow_up_fix|user_fund_or_accounting_risk,PROCEED_AFTER_REVIEW,A,False,real_amendment_or_named_protocol_event,xrpl_known_amendments_page_data|xrpl_known_amendments|xrpl_amendments_process,https://xrpl.org/resources/known-amendments#fix1512|https://xrpl.org/page-data/resources/known-amendments/data.json|https://xrpl.org/docs/concepts/networks-and-servers/amendments/,"Fixes a bug in transaction processing that causes some invalid PaymentChannelClaim transactions to fail with the wrong error code. Without this amendment, the transactions have a tec-class result code despite not being included in a ledger. With this amendment, the transactions fail with a more appropriate result code, temBAD_AMOUNT, instead."
known-fix1373,protocol-cleanup,fix1373,amendment_candidate,Enabled,Yes,42EEA5E28A97824821D4EF97081FE36A54E9593C6E4F20CBAE098C69D2E072DC,12,known_bug|follow_up_fix|user_fund_or_accounting_risk,PROCEED_AFTER_REVIEW,A,False,real_amendment_or_named_protocol_event,xrpl_known_amendments_page_data|xrpl_known_amendments|xrpl_amendments_process,https://xrpl.org/resources/known-amendments#fix1373|https://xrpl.org/page-data/resources/known-amendments/data.json|https://xrpl.org/docs/concepts/networks-and-servers/amendments/,"Fixes a minor bug in transaction processing that causes failures when trying to prepare certain payment paths for processing. As a result, payments could not use certain paths that should have been valid but were invalidly prepared. Without this amendment, those payments are forced to use less-preferable paths or may even fail. The fix1373 amendment corrects the issue so that the paths are properly prepared and payments can use them. It also disables some inappropriate paths that are currently allowed, including paths whose steps include conflicting fields and paths that loop through the same object more than once."
known-fix1368,protocol-cleanup,fix1368,amendment_candidate,Enabled,Yes,E2E6F2866106419B88C50045ACE96368558C345566AC8F2BDF5A5B5587F0E6FA,12,known_bug|follow_up_fix|user_fund_or_accounting_risk,PROCEED_AFTER_REVIEW,A,False,real_amendment_or_named_protocol_event,xrpl_known_amendments_page_data|xrpl_known_amendments|xrpl_amendments_process,https://xrpl.org/resources/known-amendments#fix1368|https://xrpl.org/page-data/resources/known-amendments/data.json|https://xrpl.org/docs/concepts/networks-and-servers/amendments/,"Fixes a minor bug in transaction processing that causes some payments to fail when they should be valid. Specifically, during payment processing, some payment steps that are expected to produce a certain amount of currency may produce a microscopically different amount, due to a loss of precision related to floating-point number representation. When this occurs, those payments fail because they cannot deliver the exact amount intended. The fix1368 amendment corrects transaction processing so payments can no longer fail in this manner."
known-clawback,issuer-control,Clawback,amendment_candidate,Enabled,No,56B241D7A43D40354D02A9DC4C8DF5C7A1F930D92A9035C4E12291B3CA3E1C2B,11,asset_control_or_compliance|new_financial_primitive|user_fund_or_accounting_risk|default_no_surface,HOLD_FOR_CHALLENGE,A,True,real_amendment_or_named_protocol_event,xrpl_known_amendments_page_data|xrpl_known_amendments|xrpl_amendments_process,https://xrpl.org/resources/known-amendments#clawback|https://xrpl.org/page-data/resources/known-amendments/data.json|https://xrpl.org/docs/concepts/networks-and-servers/amendments/,"For regulatory purposes, some issuers must have the ability to recover issued tokens after they are distributed to accounts. For example, if an issuer were to discover that tokens were sent to an account sanctioned for illegal activity, the issuer could recover, or claw back the funds. Clawback is disabled by default. To use clawback, you must set the lsfAllowTrustLineClawback flag using an AccountSet transaction. See Clawback for details on this amendment."
known-ammclawback,amm,AMMClawback,amendment_candidate,Enabled,No,726F944886BCDF7433203787E93DD9AA87FAB74DFE3AF4785BA03BEFC97ADA1F,11,asset_control_or_compliance|new_financial_primitive|user_fund_or_accounting_risk|default_no_surface,HOLD_FOR_CHALLENGE,A,True,real_amendment_or_named_protocol_event,xrpl_known_amendments_page_data|xrpl_known_amendments|xrpl_amendments_process,https://xrpl.org/resources/known-amendments#ammclawback|https://xrpl.org/page-data/resources/known-amendments/data.json|https://xrpl.org/docs/concepts/networks-and-servers/amendments/,"Allows tokens with clawback enabled to be used in Automated Market Makers (AMMs). Adds a new transaction: AMMClawback - allows an issuer to claw back tokens that have been deposited in an AMM, if the token has clawback enabled. Also modifies the AMMDeposit transaction type to prevent depositing frozen tokens into the AMM. For details, see the XLS-73: AMMClawback specification."
incident-transaction-set-liveness-2025,consensus-liveness,Transaction set handling liveness disclosure,vulnerability_response,fixed in release before public disclosure,,,11,known_bug|security_or_liveness|public_debate,DELAY_FOR_FIX,A,False,real_public_incident_or_release_response,xrpl_transaction_set_liveness_2026,https://xrpl.org/blog/2026/vulnerabilitydisclosurereport-bug-mar2026,Official disclosure says transaction-set handling vulnerabilities affected liveness and fixes were released in rippled 3.0.0.
known-mptokensv2,amm,MPTokensV2,amendment_candidate,In Development,No,BE2D87DF21B690ED1497B593FDC013CC04276302380B1BD50A033DCF8DEFB2EB,11,asset_control_or_compliance|new_financial_primitive|user_fund_or_accounting_risk|default_no_surface,HOLD_FOR_CHALLENGE,A,False,real_amendment_or_named_protocol_event,xrpl_known_amendments_page_data|xrpl_known_amendments|xrpl_amendments_process,https://xrpl.org/resources/known-amendments#mptokensv2|https://xrpl.org/page-data/resources/known-amendments/data.json|https://xrpl.org/docs/concepts/networks-and-servers/amendments/,"Extends the XRPL's Decentralized Exchange to natively support Multi-Purpose Tokens (MPTs) as a tradeable asset class. MPTs can be paired with XRP, Trust Line tokens, or other MPTs across existing DEX transactions such as OfferCreate, Payment, AMM, and Checks. For more details, see XLS-82: MPT DEX Integration."
known-fixuniversalnumber,dex-offer-path,fixUniversalNumber,amendment_candidate,Enabled,No,2E2FB9CF8A44EB80F4694D38AADAE9B8B7ADAFD2F092E10068E61C98C4F092B0,11,follow_up_fix|new_financial_primitive|user_fund_or_accounting_risk|default_no_surface,PROCEED_AFTER_REVIEW,A,False,real_amendment_or_named_protocol_event,xrpl_known_amendments_page_data|xrpl_known_amendments|xrpl_amendments_process,https://xrpl.org/resources/known-amendments#fixuniversalnumber|https://xrpl.org/page-data/resources/known-amendments/data.json|https://xrpl.org/docs/concepts/networks-and-servers/amendments/,"Simplifies and unifies the code for decimal floating point math. In some cases, this provides slightly better accuracy than the previous code, resulting in calculations whose least significant digits are different than when calculated with the previous code. The different results may cause other edge case differences where precise calculations are used, such as ranking of Offers or processing of payments that use several different paths. Without this amendment, the code continues to use separate calculations for STAmount and IOUAmount objects, and Automated Market Maker (XLS-30d) uses a third class for calculations."
known-fixreducedoffersv2,mpt,fixReducedOffersV2,amendment_candidate,Enabled,No,31E0DA76FB8FB527CADCDF0E61CB9C94120966328EFA9DCA202135BAF319C0BA,11,follow_up_fix|new_financial_primitive|user_fund_or_accounting_risk|default_no_surface,PROCEED_AFTER_REVIEW,A,False,real_amendment_or_named_protocol_event,xrpl_known_amendments_page_data|xrpl_known_amendments|xrpl_amendments_process,https://xrpl.org/resources/known-amendments#fixreducedoffersv2|https://xrpl.org/page-data/resources/known-amendments/data.json|https://xrpl.org/docs/concepts/networks-and-servers/amendments/,"This amendment adjusts rounding in an additional case that can cause an order book to become blocked by a ""reduced"" offer. This addresses the same symptoms as the fixReducedOffersV1 amendment, but in an additional case that was not covered by that amendment."
known-fixreducedoffersv1,dex-offer-path,fixReducedOffersV1,amendment_candidate,Enabled,No,27CD95EE8E1E5A537FF2F89B6CEB7C622E78E9374EBD7DCBEDFAE21CD6F16E0A,11,follow_up_fix|new_financial_primitive|user_fund_or_accounting_risk|default_no_surface,PROCEED_AFTER_REVIEW,A,False,real_amendment_or_named_protocol_event,xrpl_known_amendments_page_data|xrpl_known_amendments|xrpl_amendments_process,https://xrpl.org/resources/known-amendments#fixreducedoffersv1|https://xrpl.org/page-data/resources/known-amendments/data.json|https://xrpl.org/docs/concepts/networks-and-servers/amendments/,"Adjusts rounding to prevent order books from being blocked by reduced offers whose exchange rate is affected by rounding of the remaining amounts. In general, offers can be reduced in 3 ways: The offer can be partially consumed when it is placed.The offer can be partially consumed after being placed into an order book.The offer can be under-funded, meaning its owner has less funds than it specifies. With this amendment, the exchange rate of a reduced offer is rounded such that it is as good or better than the original offer (from the taker's perspective). This allows the reduced offer to be consumed by offers that would have matched the original, full amounts. The rounded amount is no more than 1 drop of XRP or 1e-81 of a token. Without this amendment, an offer with very small amounts remaining can have a a much worse exchange rate after rounding than it had initially. This can cause an offer for very small amounts to ""block"" better offers in the same order book from being taken."
known-fixpaychancancelafter,custody-timing,fixPayChanCancelAfter,amendment_candidate,Enabled,No,D3456A862DC07E382827981CA02E21946E641877F19B8889031CC57FDCAC83E2,11,follow_up_fix|new_financial_primitive|user_fund_or_accounting_risk|default_no_surface,PROCEED_AFTER_REVIEW,A,False,real_amendment_or_named_protocol_event,xrpl_known_amendments_page_data|xrpl_known_amendments|xrpl_amendments_process,https://xrpl.org/resources/known-amendments#fixpaychancancelafter|https://xrpl.org/page-data/resources/known-amendments/data.json|https://xrpl.org/docs/concepts/networks-and-servers/amendments/,"Prevents new payment channels from being created with a CancelAfter time that is before the current ledger. Instead, the PaymentChannelCreate transaction fails with the result code tecEXPIRED. Without this amendment, transactions can create a payment channel whose CancelAfter time is in the past. This payment channel is automatically removed as expired by the next transaction to affect it."
known-fixnftokenreserve,nft,fixNFTokenReserve,amendment_candidate,Enabled,No,03BDC0099C4E14163ADA272C1B6F6FABB448CC3E51F522F978041E4B57D9158C,11,follow_up_fix|new_financial_primitive|user_fund_or_accounting_risk|default_no_surface,PROCEED_AFTER_REVIEW,A,False,real_amendment_or_named_protocol_event,xrpl_known_amendments_page_data|xrpl_known_amendments|xrpl_amendments_process,https://xrpl.org/resources/known-amendments#fixnftokenreserve|https://xrpl.org/page-data/resources/known-amendments/data.json|https://xrpl.org/docs/concepts/networks-and-servers/amendments/,"This amendment adds a check to the NFTokenAcceptOffer transactor to see if the OwnerCount changes. If it does, it makes an additional check that the reserve requirement is met for the updated owner count."
known-fixinnerobjtemplate2,amm,fixInnerObjTemplate2,amendment_candidate,Enabled,No,9196110C23EA879B4229E51C286180C7D02166DA712559F634372F5264D0EC59,11,follow_up_fix|new_financial_primitive|security_or_liveness|default_no_surface,PROCEED_AFTER_REVIEW,A,False,real_amendment_or_named_protocol_event,xrpl_known_amendments_page_data|xrpl_known_amendments|xrpl_amendments_process,https://xrpl.org/resources/known-amendments#fixinnerobjtemplate2|https://xrpl.org/page-data/resources/known-amendments/data.json|https://xrpl.org/docs/concepts/networks-and-servers/amendments/,"This amendment standardizes the way inner objects (Object-type fields in the canonical binary format) have their formats and default values enforced. This is the same type of check that the fixInnerObjTemplate applies to AMM-related fields, but this amendment applies to all other types of inner objects, namely: DisabledValidator field of the NegativeUNL entry.Members of the Majorities array in the Amendments entry.Members of the Signers array of multi-signed transactions.Members of the SignerEntries array of SignerList ledger entries.Several parts of the XChainBridge amendment :Members of the XChainClaimAttestations array in XChainOwnedClaimID ledger entriesMembers of the XChainCreateAccountAttestations array in XChainOwnedCreateAccountClaimID ledger entriesMembers of the XChainClaimAttestationBatch array in XChainAddClaimAttestation transactionsMembers of the XChainCreateAccountAttestationBatch array in XChainAddClaimAttestation transactions It is believed that this change does not affect transaction processing, but it is possible that there are edge cases where it could cause an improperly formatted transaction to receive a different error. With this amendment, any such transactions would fail with a different result code such as temMALFORMED; without this amendment, those transactions would be expected to fail with the code tefEXCEPTION instead."
known-fixinnerobjtemplate,amm,fixInnerObjTemplate,amendment_candidate,Enabled,No,C393B3AEEBF575E475F0C60D5E4241B2070CC4D0EB6C4846B1A07508FAEFC485,11,follow_up_fix|new_financial_primitive|user_fund_or_accounting_risk|default_no_surface,PROCEED_AFTER_REVIEW,A,False,real_amendment_or_named_protocol_event,xrpl_known_amendments_page_data|xrpl_known_amendments|xrpl_amendments_process,https://xrpl.org/resources/known-amendments#fixinnerobjtemplate|https://xrpl.org/page-data/resources/known-amendments/data.json|https://xrpl.org/docs/concepts/networks-and-servers/amendments/,"This amendment fixes an issue with accessing the AMM sfTradingFee and sfDiscountedFee fields in the inner objects of sfVoteEntry and sfAuctionSlot. Currently, the inner object template isn't set upon object creation. If the object contains an soeDEFAULT field and is initially set to the default value, accessing the field results in a tefEXCEPTION error in some circumstances. This amendment adds an STObject constructor overload that includes an additional boolean argument to set the inner object template."
known-fixemptydid,mpt,fixEmptyDID,amendment_candidate,Enabled,No,755C971C29971C9F20C6F080F2ED96F87884E40AD19554A5EBECDCEC8A1F77FE,11,follow_up_fix|new_financial_primitive|user_fund_or_accounting_risk|default_no_surface,PROCEED_AFTER_REVIEW,A,False,real_amendment_or_named_protocol_event,xrpl_known_amendments_page_data|xrpl_known_amendments|xrpl_amendments_process,https://xrpl.org/resources/known-amendments#fixemptydid|https://xrpl.org/page-data/resources/known-amendments/data.json|https://xrpl.org/docs/concepts/networks-and-servers/amendments/,"This amendment adds an additional check to prevent empty DID ledger entries from being created. With this amendment, if a transaction would create an empty DID, it returns the new error code tecEMPTY_DID instead. Without this amendment, an empty DID can be created, which takes up space and counts towards the owner reserve but does nothing useful. This amendment has no effect unless the DID amendment is enabled."
known-fixammv1-1,amm,fixAMMv1_1,amendment_candidate,Enabled,No,35291ADD2D79EB6991343BDA0912269C817D0F094B02226C1C14AD2858962ED4,11,follow_up_fix|new_financial_primitive|user_fund_or_accounting_risk|default_no_surface,PROCEED_AFTER_REVIEW,A,False,real_amendment_or_named_protocol_event,xrpl_known_amendments_page_data|xrpl_known_amendments|xrpl_amendments_process,https://xrpl.org/resources/known-amendments#fixammv1_1|https://xrpl.org/page-data/resources/known-amendments/data.json|https://xrpl.org/docs/concepts/networks-and-servers/amendments/,Fixes AMM offer rounding and low quality order book offers from blocking the AMM.
known-fix1578,permissioned-access,fix1578,amendment_candidate,Enabled,Yes,FBD513F1B893AC765B78F250E6FFA6A11B573209D1842ADC787C850696741288,11,asset_control_or_compliance|follow_up_fix|user_fund_or_accounting_risk,PROCEED_AFTER_REVIEW,A,False,real_amendment_or_named_protocol_event,xrpl_known_amendments_page_data|xrpl_known_amendments|xrpl_amendments_process,https://xrpl.org/resources/known-amendments#fix1578|https://xrpl.org/page-data/resources/known-amendments/data.json|https://xrpl.org/docs/concepts/networks-and-servers/amendments/,"Changes the result codes returned by two transaction types: Changes the OfferCreate transaction to return a new result code, tecKILLED, if the offer used the tfFillOrKill flag and was killed. Without this amendment, the offer is killed but the transaction result is tesSUCCESS.Changes the TrustSet transaction to fail with tecNO_PERMISSION if it tries to enable the No Ripple flag but cannot because the trust line has a negative balance. Without this amendment, the transaction does not enable the No Ripple flag, but the transaction result is tesSUCCESS nonetheless."
known-fixammoverflowoffer,amm,fixAMMOverflowOffer,amendment_candidate,Enabled,Yes,12523DF04B553A0B1AD74F42DDB741DE8DC06A03FC089A0EF197E2A87F1D8107,10,follow_up_fix|new_financial_primitive|user_fund_or_accounting_risk,PROCEED_AFTER_REVIEW,A,True,real_amendment_or_named_protocol_event,xrpl_known_amendments_page_data|xrpl_known_amendments|xrpl_amendments_process,https://xrpl.org/resources/known-amendments#fixammoverflowoffer|https://xrpl.org/page-data/resources/known-amendments/data.json|https://xrpl.org/docs/concepts/networks-and-servers/amendments/,"This amendment fixes the improper handling of large synthetic AMM offers in the payment engine. Due to the importance of this fix, the default vote in the source code has been set to YES."
known-lendingprotocol,vault-lending,LendingProtocol,amendment_candidate,Open for Voting,No,565B90CA1AB2B9D42208ED10884188C64F9E19083DECB9634AAF06EB03299509,9,new_financial_primitive|user_fund_or_accounting_risk|active_vote_surface|default_no_surface,HOLD_FOR_CHALLENGE,A,True,real_amendment_or_named_protocol_event,xrpl_known_amendments_page_data|xrpl_known_amendments|xrpl_amendments_process,https://xrpl.org/resources/known-amendments#lendingprotocol|https://xrpl.org/page-data/resources/known-amendments/data.json|https://xrpl.org/docs/concepts/networks-and-servers/amendments/,"The Lending Protocol enables on-chain, fixed-term, uncollateralized loans using pooled funds from a Single Asset Vault. This implementation relies on off-chain underwriting and risk management to assess the creditworthiness of borrowers, but offers configurable, peer-to-peer loans. Specification: XLS-66."
known-batch,batch,Batch,amendment_candidate,Obsolete,No,894646DD5284E97DECFE6674A6D6152686791C4A95F8C132CCA9BAF9E5812FB6,9,known_bug|obsolete_or_disabled|default_no_surface,REJECT,A,True,real_amendment_or_named_protocol_event,xrpl_known_amendments_page_data|xrpl_known_amendments|xrpl_amendments_process,https://xrpl.org/resources/known-amendments#batch|https://xrpl.org/page-data/resources/known-amendments/data.json|https://xrpl.org/docs/concepts/networks-and-servers/amendments/,Allows multiple transactions to be bundled into a batch that's processed all together. Standard: XLS-56 This amendment was disabled in v3.1.1 due to a bug. It will be replaced by BatchV1_1 in a future release.
