packet_id,event_id,lane,predicted_label,expected_label,aligned,triggered_rules,packet_hash,result_hash
case_003--vote_outcome,case_003,vote_outcome,NO,NO,True,explicit_no_advisory_or_obsolete,91c1b038437e2508229f05b765f57a74139654897cbd4df3b8218f91302f7d6a,17be7aa26bdc3d3a8658162abaa07d8341f3e810e2041a3c0c4c939787096b49
case_004--vote_outcome,case_004,vote_outcome,NO,NO,True,explicit_no_advisory_or_obsolete,c24a7479ce0f1024c6b0ece3db9a11cc7c5f1f373d9f01b1dcc5c2d42767b6e5,f5651229298e51e6e02ac75a95bf0ce235d6e5b3a4de79faa65fc65dc16d3cab
case_005--vote_outcome,case_005,vote_outcome,YES,YES,True,enabled_amendment_prior,d9d2ec25edfd0d3e686680a79b056e69ad071b1583169c5e83455d0155f9b2c3,27479a7d52c711e7ab360e0d9e8b54167bdbb0cbc55ab6b2179eac04ba4021ee
case_006--vote_outcome,case_006,vote_outcome,YES,YES,True,enabled_amendment_prior,a1fd9ab106128a3b7779f3f25805155ae861efb929675f8e6507fbdefd09a40c,9862406bd5e63484422aa1e2127bdbeacd1a4d79911755ea6b32fb50ebb3e36b
case_007--vote_outcome,case_007,vote_outcome,NO,NO,True,explicit_no_advisory_or_obsolete,307cab756abb6a27b26fac7e92a64d4dab83e2fae563a9dd59953369d1ef576f,d3517273f0ad495cddfe5de7ef38b402ba1850fe7b6f50f3c47ca879ccf9335f
case_008--vote_outcome,case_008,vote_outcome,NO,YES,False,explicit_no_advisory_or_obsolete,6be794ad2398472d1c9a4137b782e435db4e04a6ff592da2914fb3a07b70f4d6,61b1fb1e3ec4f05d8344ca53645f7f8f1586364afc945ef91391dbdcba8692e3
case_009--vote_outcome,case_009,vote_outcome,YES,YES,True,enabled_amendment_prior,ceb42095ffb8e0acde4ddc09fe4d0a40c0545f4eabfb9378c28e49f4522b2aa6,0b96c023149d3ef2bf8126d1fdbe0d3ccf194ba6ba4f79a29aa6736ab4c768d5
case_011--vote_outcome,case_011,vote_outcome,YES,YES,True,enabled_amendment_prior,8b0d20ce56b182c4ec0aecb044996ad159c3de26414e60e7af42373f2439ea4b,94bc2197b37c274cf9eb1dc06574200e8cfe50284e55d2289455dc6cb8d951e3
case_012--vote_outcome,case_012,vote_outcome,NO,NO,True,explicit_no_advisory_or_obsolete,97fdc94d374bcd3be2431276f1f14ccaf2795bee45cbb1a0aae4a96bf9f154df,eb24a8c247bf99839de8bc21ebff3add9de148cb720012ae0a08e8883d6d0aab
case_013--vote_outcome,case_013,vote_outcome,YES,YES,True,enabled_amendment_prior,5e6e13fdc3bd1cf6da38b47beb69af8ed863d4a07cd17c4bdbabd560197ec5cd,2cd91cbc4f2b5bcaacc5a1150f389ce33892a39ca98dcd81418ec69a554b0b87
case_014--vote_outcome,case_014,vote_outcome,YES,YES,True,enabled_amendment_prior,d6ac057b3e0ca0456340598af20fe71d17d5e1cce38f8abe0789315a9eed6fa1,c4700fb540314ce765ecb2b891739a4ef0d5ad3a36b9ac13cb031e97a4b89de2
case_016--vote_outcome,case_016,vote_outcome,YES,YES,True,enabled_amendment_prior,71eea86c3b26d8bc485bd2abef2673a41b510e1919fb8fd2edfee4236cdb4d67,ff723bfaed19062b0ef2743b097fd337cba22c6945dc69826d058107125568f1
case_017--vote_outcome,case_017,vote_outcome,NO,NO,True,explicit_no_advisory_or_obsolete,1593d18cf2379f611b904c22c0a319dc7a432f239d9d82a80e9f459fc2a9146f,75f03c4b4e30d643837d42a5110049d3142b0c6515ba8cdd1c7d21b2fb3a47ad
case_018--vote_outcome,case_018,vote_outcome,NO,NO,True,explicit_no_advisory_or_obsolete,88146fd070f291735dc34af9cd88ac7b59e15c450d65ff923398a5c4a3eaa063,ac03caa633548b8dac02ec34c9bb8e2c88841b51e677dd53052116c7a9a23fac
case_019--vote_outcome,case_019,vote_outcome,NO,NO,True,explicit_no_advisory_or_obsolete,6529ca291c31775d10ab7f03082ffbc3116ca5ccc0ca07ae046ae83f1854fcb0,005af1ae5570f397ba2ecc0f6dcd55596cf7f9c40b7c8fd60dfd5e35418348d2
case_020--vote_outcome,case_020,vote_outcome,NO,NO,True,explicit_no_advisory_or_obsolete,486e8f5dc04576c40d4f86034b64f4ee9f0e8793d15cc7860189e1dfb802f4f1,6d43d7ce69a70e2afac1f59ddd4d5fda3d5fa01552fef9ddf7be53d021d4b528
case_022--vote_outcome,case_022,vote_outcome,NO,NO,True,explicit_no_advisory_or_obsolete,e946cd6d4e0a831c91317a09f6e32ba702e633a358b2d66ba33b0aed4e7c5c42,323005fb54280e18044ea266342254f7ae51a60d7a09da3f961d2219bfc500b2
case_023--vote_outcome,case_023,vote_outcome,NO,NO,True,explicit_no_advisory_or_obsolete,108a9d97ee172f4e189e48d569acd5dadaf93911873149a564199f8b130d8404,78a1fd8602c01ee0fedb7d90eee1b75b314815752dde1309e8b8896c93e8fe33
case_024--vote_outcome,case_024,vote_outcome,NO,NO,True,explicit_no_advisory_or_obsolete,62f70a36e3c89791f151564eec83cd739bc0469d9157e9e52ab2b2ffa07a29bd,682310ba0a76a1c00497bf90a216b98cb18cebca7b313628bfd9ceaa3535e62e
case_025--vote_outcome,case_025,vote_outcome,NO,NO,True,explicit_no_advisory_or_obsolete,59a04b3a73e2f2a9418c0825ad91558ab0913baf9c9c17d6b8bc447dad207e97,3a44f5b62c336ebbe4068c3e4b64d028d9335277ad6e47163935cd7aeebf70f6
case_026--vote_outcome,case_026,vote_outcome,NO,NO,True,explicit_no_advisory_or_obsolete,bf9388295aa04af5c82b7ba7ea63d171149acee7000015a742866ef589da4f88,ce66689f2cd26569b1324008af59c09a71deddf683cef2d97abe6ce2104e1053
case_027--vote_outcome,case_027,vote_outcome,NO,NO,True,explicit_no_advisory_or_obsolete,f9f6205d02775a74874ecfc1cc375d153f7ae9016d9dcf4df0874d8c807c19c0,ae53f988a9e42805f269bbc7a72b1bfe2e8589f10bba871ae6033d4f5975c2b3
case_035--vote_outcome,case_035,vote_outcome,YES,YES,True,enabled_amendment_prior,07dcf02b8ec0782f097be8720edfd4165eb45fb1457e5482aa5546c1bb76ef21,7b2c5998792f224655a9050976badeb946a6525af986cd4b4b44df5ed37ded2d
case_036--vote_outcome,case_036,vote_outcome,YES,YES,True,enabled_amendment_prior,d590f3f9ec920cc5ab02188cd49f41a2359495bc0193433fb891c608b4487dd7,64a5c6fd6d3b73b7f922429203c9a0020576323ea101e00b6b73c8b54373d9a6
case_037--vote_outcome,case_037,vote_outcome,YES,YES,True,enabled_amendment_prior,a79d5353f7879a8373c4fd78bc4734808707dc7e8b2c9151f074eea05277c76c,8913b5544a95f555f50cdf0f645ee19a1d8aabd9c3bfba1117ca22dbe6e092b4
case_038--vote_outcome,case_038,vote_outcome,YES,YES,True,enabled_amendment_prior,43298591ad1a87e9a0296d1c219500514e210483d76a331105fa2f8cf5ae7150,8caac83b7664c677ffe51548003c159fdf620330c5d008bc98e9cdf36b412421
case_039--vote_outcome,case_039,vote_outcome,YES,YES,True,enabled_amendment_prior,880395fa0f6906ce17649b843c0604db8abadfbc96daa3d2c0897b088a67893b,a5ac474d6a83832612117212d0f4773c560957ba0641ae0fb53fec4b187b3c88
case_040--vote_outcome,case_040,vote_outcome,YES,YES,True,enabled_amendment_prior,93ace8eaa9f7b0fb3e258593416be2e4b5138eb3b987dcb028a42c00d67ad03c,42028df14d27e8fffba28153344aa613bd49cfb2f31c614f03dec7eaef4ca3c9
case_041--vote_outcome,case_041,vote_outcome,YES,YES,True,enabled_amendment_prior,2bd3d263f872be191c89173f078e4a6db0ec33b916f1638bbcaea8063b9ef370,f1cb5af456b1f180b0e2ed617755ffac80fa631507c7dd349cc0df4e15b658e4
case_042--vote_outcome,case_042,vote_outcome,YES,YES,True,enabled_amendment_prior,dc091f336dda9a92e07b6174acb02e8c6fb5736012b491935d6dc2acb9571957,2d87e895a365297d77df7509ce19092872de9dcb9d3f9935c41c1b1410682363
case_043--vote_outcome,case_043,vote_outcome,YES,YES,True,enabled_amendment_prior,0f39957c79f4530f20ea2cfe17811b20a44b4ac0d456f7fc8b141a1007d58ea2,4b9cc312c1e132b46c45bfced2b6ea7e18003e6facad1288a50eebd616c484b4
case_044--vote_outcome,case_044,vote_outcome,YES,YES,True,enabled_amendment_prior,08f961478cec62dc974a9c2afe7daac5b8b45978577345f66d47647ba704225d,2cea3f377f58dcf20243ff22aef16f93931e60d49166c8b0367b8ab34262a342
case_045--vote_outcome,case_045,vote_outcome,YES,YES,True,enabled_amendment_prior,f92157d76cd5761c4ed13272ad2ac9bb5f74c33a89c0fa047b735a37a90d7383,ce566b59afb22e7ceefe5954992665ef364814029b6228d9dc22471186d96c09
case_046--vote_outcome,case_046,vote_outcome,YES,YES,True,enabled_amendment_prior,9be5ac72543a69ed9186aeb31d33cbd075ed06094486c695864617f893ff791c,70d685ae1d3bdbcb02dfea7c11f9f8e7cccdd30474732062545e516ff1b09d2a
case_047--vote_outcome,case_047,vote_outcome,YES,YES,True,enabled_amendment_prior,29ff1af3a255b02b8481d5f98e179c1ee8389b2c573561b46fd15d12646cd46c,d5db8c985186c3442fb1cb1e61b0af607f5b26cad3c308a0be1768deaf14ca40
case_048--vote_outcome,case_048,vote_outcome,YES,YES,True,enabled_amendment_prior,cdea2b9d96b5107fa81b7d2f9e1a9d66800b187ea485329d7d37666d45da2b1b,af2e00638983a948fd01be0217c6d5188c0fc4091f759ff73ee2f8493e11d5f5
case_049--vote_outcome,case_049,vote_outcome,YES,YES,True,enabled_amendment_prior,0b06fb3870571ab26bf025154ef76e628da3f4230c856ce83087dbb064cbd57e,cc7c2197d911a81dfd7c0c0ab488fc920f71116dc8379474d8045cd62253932f
case_050--vote_outcome,case_050,vote_outcome,YES,YES,True,enabled_amendment_prior,669e24679fbf4b0223690a0aa4130d5a3c3c73f463c169344f8bad85b5e80d4c,cec8df5a7c270e35b2cb84b92304d5dc7d8ad52d9504d6fbb96ae193ed272435
case_051--vote_outcome,case_051,vote_outcome,YES,YES,True,enabled_amendment_prior,a9ee64de4e18e7f5168fb46d788c21e23f6dd0be78485b14a67089e6bc21edd3,dd8d18cc0510fb66a9c2ccc6e2624656bbe67efcffea3c1ea7ed46e9ad79b7fe
case_052--vote_outcome,case_052,vote_outcome,YES,YES,True,enabled_amendment_prior,a5b5abbdd2526f8e9f0a57735c26ee30023a287f4b0f5c69052168536f41ea07,0eee985ba190f548380ce79696f8f10bc82380e13afb8ec05ec5601610adb598
case_053--vote_outcome,case_053,vote_outcome,YES,YES,True,enabled_amendment_prior,f4e0580f8910dff8665d58ef5094735294525398efdabbc43473436a982ae698,fd0a1fffd659ab75618647d017fb929b1e5f3876f62bc5f54607a76cfc4d0bdd
case_054--vote_outcome,case_054,vote_outcome,NO,YES,False,explicit_no_advisory_or_obsolete,3cc80e781adbd6c674fe430085ee9ee2ca4ed1ee4dc32d84fb3644086004f7f3,bf0565da0fe90f1e604b23d82fb83485d8fef3117faffb47a8d863f7aca0df49
case_055--vote_outcome,case_055,vote_outcome,YES,YES,True,enabled_amendment_prior,03b3d7e19111fb2393280d945f76403e2eb7104645e897480411e31e6ce6ef16,4e0206e4133716febb2148c8c86de765882e3a877d792a6a1acdc3d10d9c8bfa
case_056--vote_outcome,case_056,vote_outcome,YES,YES,True,enabled_amendment_prior,019f5b803ebff3d9f868f4ba7ab0b88cb95ff16cb02758487bbf8f67477cbf39,eb8e1ccec806d592e1c4f7a5aed95d99728ce4992f67edb509ba413bcedb79dd
case_057--vote_outcome,case_057,vote_outcome,YES,YES,True,enabled_amendment_prior,a0f288d9d37b20a7f5b49c465912e14ec10eaee8d59c53074ed70c5787e72e4d,6ccac1fd527440d8b976c82d70bbe4bb3d420a506280fe7937de23469d97f772
case_058--vote_outcome,case_058,vote_outcome,YES,YES,True,enabled_amendment_prior,f221c903e7ec7e751a66a6758294879a340d0cea52e2cd0ced4a967e31aa6775,c0bb3db6ff71e251e93b1874643acba0f574f5a75d7c8a2eb02091c1355109f4
case_059--vote_outcome,case_059,vote_outcome,YES,YES,True,enabled_amendment_prior,55005e8fcc8b276c5a0cbaea25e598c89fcbb646d84652d3a7b6d36a3709fce9,13256b02a01960d64064c8aa9f0b5fc6ffff34b3e084ee01e1111e853c7006e6
case_060--vote_outcome,case_060,vote_outcome,YES,YES,True,enabled_amendment_prior,743c24e6cd2f4804c38b33fdc2da122f86c12e69d615df805ecf0aa928ea81f1,20a0be51f23311220c31fc33dc550e88ca200f3a669a3856f937fdd43a90ad0f
case_061--vote_outcome,case_061,vote_outcome,YES,YES,True,enabled_amendment_prior,df2fd39d95dc1e988e785e598d3bdeca6da29b677aaa74d55838165f126467f9,a3e31f12c4fe8ace0a7791c765e3b343d5185e85f867b6e5488f672dae3598e2
case_062--vote_outcome,case_062,vote_outcome,YES,YES,True,enabled_amendment_prior,7598bd7a3fa290e0b05888e2bd240ebf626d106433eac51bb31f5865f5172226,755618d63479b33fa3c9a9b477c2d7ed536d2310418a2b2f6bcb6bf3ea73abcd
case_063--vote_outcome,case_063,vote_outcome,YES,YES,True,enabled_amendment_prior,148ff002dd6bce00c5d39d511b69e49baed8e554d793f773b971c4b0c2fd1903,e3c11b5ab7b6633928143571eb9028ef382c2b372e1dcfc88dcb06ca94319666
case_064--vote_outcome,case_064,vote_outcome,YES,YES,True,enabled_amendment_prior,831fb1759f97b52b620a308541d75d16f9224d47e037105862a5c18100455865,dab58141c334168d26a3d1d617f44dabe759f2597106a0deddd826558a7026d9
case_065--vote_outcome,case_065,vote_outcome,YES,YES,True,enabled_amendment_prior,d38d91a1f8619f5fd7cf394bab58ae1b08dcc5aeb5743176881281322f461e85,41ea62bdd911735711b1db67b6db51ca8cf29ce1131e532dd2d06a177ee4f649
case_066--vote_outcome,case_066,vote_outcome,YES,YES,True,enabled_amendment_prior,3790c1a863f64868391e99398f9a7927e45ddc336391d1dffed9552b8011cb87,00e63a604ae9305e52ff5961dd5828747aa4f22c605f9a3ae4eb819664b12870
case_067--vote_outcome,case_067,vote_outcome,YES,YES,True,enabled_amendment_prior,62c1d1aae175666bf7effc0c336e28ba672595e88ff6db18b66f74b3015a3c00,fdcef23dd98987f594c9c1425454b4d34dc254dd0e8d47850cccc35e19636c20
case_068--vote_outcome,case_068,vote_outcome,YES,YES,True,enabled_amendment_prior,ef4b8286aa0110a6db2b3e86963ef8ba8ca9acd0b7dc70b488961ad585afd80f,c1ebb28c5875ea8136f42dd24c8ab776b15f788083df5450c3ffe77cbcb300ae
case_069--vote_outcome,case_069,vote_outcome,YES,YES,True,enabled_amendment_prior,90b878fad4868bada09c58e58987f5663224a9b535fae93ebdce7eba3cdf63cc,98399af0cfb220871aea4ffa36a039452e206ccd691069e3a9b0bb8f2b1c0504
case_070--vote_outcome,case_070,vote_outcome,YES,YES,True,enabled_amendment_prior,f3d3f8d9186edd8d7925e752f5873913320c8785cdba4c2bc34b30ff368d6794,e559ff02659520b4f64e44033794bbe9ca763526a58e6a4719a503dfdd3d9272
case_071--vote_outcome,case_071,vote_outcome,YES,YES,True,enabled_amendment_prior,2d0d7797ee88117d941627eb212394419a60bffd060c252b9530c1c1981bdb97,e66b34cbad0cafd57a4ae94f00f6f7d65e1ca3d39adc573b82a6465dbe3c680b
case_072--vote_outcome,case_072,vote_outcome,YES,YES,True,enabled_amendment_prior,f3d25184387a2aad64fa8d7fdc8f3d40f966093865ca5d5991c27ae62d049bd7,583050ab5aac72cebed699ec17e580166cb8961fd459aa380cbd86727ed160e7
case_002--vote_state,case_002,vote_state,MAJORITY_LOST,MAJORITY_LOST,True,majority_lost_or_bug_surface,3f264c638741707c0ecf761d409f74ea3243d2721147e230ab06a7c15d9dcb8a,170f0b937c7cc83cc06c5a8f5fe32fffd8e4a8f5c40628feb1b39b3dc19513b8
case_003--vote_state,case_003,vote_state,VETOED_OR_RETIRED,VETOED_OR_RETIRED,True,obsolete_or_no_advisory,cc2ce98cd76e97b0ded0d02e212c7c724ccbdb42990ba51fd7212459f11b5c18,9ab44b4696eb47388c8704fb53ce1daba3093c2ee8a4593516bfc931bc53324d
case_004--vote_state,case_004,vote_state,VETOED_OR_RETIRED,VETOED_OR_RETIRED,True,obsolete_or_no_advisory,55700a8a82145ab0e992667c1e6991fbf29222b7d9c9f6b18e9b45f62366ce8c,97e01f50f0f9020afa34ad1da1d83346c12cd68ee724ac9e3d5ab905a4d2b1bb
case_005--vote_state,case_005,vote_state,ENABLED,ENABLED,True,ledger_amendments_object_membership,b963b7bafb9474931b0f30efc9ff51d0168de27ce4308ee1ef05d76057c39a46,c4f5c4466f548e012cfafbf33424ad53811748bbe2c4bfb3c1e005b1859867fc
case_006--vote_state,case_006,vote_state,ENABLED,ENABLED,True,ledger_amendments_object_membership,95429b42d2ff5174c6b006ae1891ef56404ca44f9698b58935549a1d15775447,2bfaf2a43c7a5bcacac1600be629ba64fb8995e46183913a43dd73c0f5b0c796
case_007--vote_state,case_007,vote_state,VETOED_OR_RETIRED,VETOED_OR_RETIRED,True,obsolete_or_no_advisory,5c12b2e30a5ae7b8646f65167d3e29acb65bd98edb20137cd0345f5477292ab3,09749b966dffadc0b858fd343538a1af51a544dbf9b9c4effbdd11df78d370eb
case_008--vote_state,case_008,vote_state,ENABLED,ENABLED,True,ledger_amendments_object_membership,bc09f405f6fc7f790084a9055c0b9ac8b9cc09e285f21ec64b9b76ee922aa712,1de604e07ec4034d07eaba6bf4f182aae49ddea16f339b090bcb5e4fe22bded8
case_009--vote_state,case_009,vote_state,ENABLED,ENABLED,True,ledger_amendments_object_membership,a08c6cc090c7ef6fc16178883922a3ca0d80877317067ed81e5e9733191c8f74,54430cd2a1b6bc17519cfd8fef5bf780fb523004211f72b89d409513e9a94dec
case_010--vote_state,case_010,vote_state,NO_MAJORITY,NO_MAJORITY,True,below_or_at_threshold_vote_count,63d8784a34fb72a3b1d0a130d02b42a3fbec83718c385dfd553df98b8323dcb0,4e175532154a8527d3f4d80f81e0f6f760cb60bef74107f8ced2608965b87137
case_011--vote_state,case_011,vote_state,ENABLED,ENABLED,True,ledger_amendments_object_membership,b28f5df162b8d6874e3223b4f59acb54791753bd6cb2aae82a7b9f4bdaa5ac8a,872fc3ab9f021aa6758086aa70325594bb347f630ed394a53f538e5f58189993
case_012--vote_state,case_012,vote_state,VETOED_OR_RETIRED,VETOED_OR_RETIRED,True,obsolete_or_no_advisory,4f2b934f55217ebdbac0d6e214f46cf9b4f10f382706b818f1df69fb742d58e7,3fb321f4b07c25b979a7a1171eff2cf161ef1df666816c3efff31ebe9e63c384
case_013--vote_state,case_013,vote_state,ENABLED,ENABLED,True,ledger_amendments_object_membership,66b5d19f7660ae93b9f1689f7ce0d59f4be784a9643d6e6082b146dc5495eec4,9b773f1e9a55b17ad6b7bbe74d0c30db1db252359c052e59571e4be91300afb0
case_014--vote_state,case_014,vote_state,ENABLED,ENABLED,True,ledger_amendments_object_membership,f4590f86ab37e388c7dbb9664303263ea43cee246c5a3899ed0c37c659a85bd7,0db1e6cacd032d329e93ee04a8268b44840f6f8c6b0da445c3862df4948f019a
case_015--vote_state,case_015,vote_state,NO_MAJORITY,NO_MAJORITY,True,below_or_at_threshold_vote_count,0ac94da6527f10b2830ce54b2edb750efad3b10a6e3c883f78a1b0c69aea58e9,6ed8e4be675b22d483ea2e98c099ba93d7b9640d8685eccbe6820c53f35bbe91
case_016--vote_state,case_016,vote_state,ENABLED,ENABLED,True,ledger_amendments_object_membership,9f0fa83bfbd1967ac4a0f181f6f8df7f36caf94fe6324f66d1c22b081ca772ca,0beda0b715cd215157bb1808e585c325e1ac0b19a66d128fede1c7183255059e
case_017--vote_state,case_017,vote_state,VETOED_OR_RETIRED,VETOED_OR_RETIRED,True,obsolete_or_no_advisory,0813d22b845e5446c3a964455966683a04be6fe2979c7d0a4b05800fb38782f4,478856cbe14ba05a09f378939c088e4cb149ea89e59bfa488f6532b38abce1fe
case_018--vote_state,case_018,vote_state,VETOED_OR_RETIRED,VETOED_OR_RETIRED,True,obsolete_or_no_advisory,63847b77fa0a9dae18b21ea9cd6a0341204c85ba03a6c36eb769bc975767e2af,075273f78d07c99fa64f9e46a1cdaf57a19acde648f2e67463d03e8e2e2344c8
case_019--vote_state,case_019,vote_state,VETOED_OR_RETIRED,VETOED_OR_RETIRED,True,obsolete_or_no_advisory,78fab76a754e3ec910bd8816632a002cf9e31ad3025487b5813053b4a0e37eea,07b27836652fd6739e4cc14615e680edeb323e99c1c7308f9f4205c37f8cd428
case_020--vote_state,case_020,vote_state,VETOED_OR_RETIRED,VETOED_OR_RETIRED,True,obsolete_or_no_advisory,7ea73de88c9fbd7373fc59355fc5a7b2a9a4ba34b3bccc350b26cb6325352efd,3e64ce6c2a1fad2066b2f037468a20956f69f4c9e8c90bdbea50ee648dd0ec6e
case_021--vote_state,case_021,vote_state,NO_MAJORITY,NO_MAJORITY,True,below_or_at_threshold_vote_count,f7b9533f66267cac6cecc620ea33fd71f9a40fe4abde874a6b6d39b7a9a9ef34,a76aea5c5b3549157ff8f4d82cc5785fe69cca6066b1f8e3f07d4c2c734d1cbc
case_022--vote_state,case_022,vote_state,VETOED_OR_RETIRED,VETOED_OR_RETIRED,True,obsolete_or_no_advisory,8931bcccf6b2bce6d8d129bcfc0e0bc7e633339a96a65969ffd7a4492fc04cdf,19485f3e63b262cbcd4a57e9079a250bdd211003387dde35382c2c6f3aee25b8
case_023--vote_state,case_023,vote_state,VETOED_OR_RETIRED,VETOED_OR_RETIRED,True,obsolete_or_no_advisory,e6bdaffd85cd99080eb08592dbce4cc354a3ffdcb37fa5e50cbe4823160c0576,eeb617845eb3911f2051126b300a1ecb7cc7648fee1538950b44840cb6b73e49
case_024--vote_state,case_024,vote_state,VETOED_OR_RETIRED,VETOED_OR_RETIRED,True,obsolete_or_no_advisory,63b1385e8005288e433fab29feb502b9b4fb44ff715795abdcf25f943f8bc3d2,6b8401e478f19dbb9feeffde01d79b82ff15abc6dfc984e1b00a5c2582c045f0
case_025--vote_state,case_025,vote_state,VETOED_OR_RETIRED,VETOED_OR_RETIRED,True,obsolete_or_no_advisory,20252415983e1bb6445065fa508709c201e7761d6e518f1809096023b2978378,4b14326a4644325e178bc273e2e9b7a835027246aad571230600e1f8544e683a
case_026--vote_state,case_026,vote_state,VETOED_OR_RETIRED,VETOED_OR_RETIRED,True,obsolete_or_no_advisory,8687c70876cbbda2163c06897c5e632f188d16bb323c8d654f26b43abcd45db8,f1f371732215a8983b51ce07cd8633fe6252e80f4c3c3b23a85290a32471942f
case_027--vote_state,case_027,vote_state,VETOED_OR_RETIRED,VETOED_OR_RETIRED,True,obsolete_or_no_advisory,232cdc570bb4fbf1dd65b3e57345af63d36c8a210c6572bdad84ba1749164923,70406e2329c8332c3b0c61786fb39ddedb97bffabf32f7d205ffa08ac280557a
case_028--vote_state,case_028,vote_state,NO_MAJORITY,NO_MAJORITY,True,below_or_at_threshold_vote_count,22f05ced8aaeb9391e8a2c32eb5205a75960bfc50c6165fbab62c5fdad62bf8b,3581d9d5818469928762cf4bea18c78e575a880698c98ce27cb03e4180be8cd8
case_030--vote_state,case_030,vote_state,UNKNOWN,UNKNOWN,True,insufficient_state_evidence,63b6133594661e1597308cbc51e3e927ed22ca534fdba9997ac1b7cea0c3119a,d9d3766f3a9ebf9b9ef5c799f604087bd5f42b57c2e7824d87a701dc4ef4dc4e
case_031--vote_state,case_031,vote_state,UNKNOWN,UNKNOWN,True,insufficient_state_evidence,104aa417f8c9c8c857bcc932010706dfb23849ce48319254f8ee9d4f0b8f293e,29f67ff54caae5af4182f0f0014046730627de29ef8a639e65edc2c263dedfb0
case_032--vote_state,case_032,vote_state,UNKNOWN,UNKNOWN,True,insufficient_state_evidence,29e76932ba8c1e59e1af346b9e54fc176559e04bbd6f07580508d17345ac0971,0555cb5dde9db99f74e88ad7377d9ba56992a754381aea3e59d0b88ad596c445
case_033--vote_state,case_033,vote_state,UNKNOWN,UNKNOWN,True,insufficient_state_evidence,f834a9212c0156ca78b9f2599ada484764b82032dec9f29aff646f997d43c0ab,65a797b413edde115e20fe74bbdc19a387f7ecb2344d2f0569796b680ab0b1f7
case_034--vote_state,case_034,vote_state,UNKNOWN,UNKNOWN,True,insufficient_state_evidence,e5264377cc337ffa8a91a3bd974b0890badcbb47a9124893def77f72cdc7baf5,1ca68950a7255be3be8612b53ba32464dcee1e7117adb8d3295e373e0e005bd4
case_035--vote_state,case_035,vote_state,ENABLED,ENABLED,True,ledger_amendments_object_membership,38bf210ba3dc868afd3e87721d76da5c6bb0260ea563dd0f3077a6289261607e,6c06280f0cd54bfb38a5f8f0896c3eb223c3b6d4ef054149123ff8f1cd5eee29
case_036--vote_state,case_036,vote_state,ENABLED,ENABLED,True,ledger_amendments_object_membership,ccbc6a2b4efd6c85cb31b9aa0b598b585d0818aae60f9fbad97eae4744c89c33,d0ad45d7cea2556e604c8ae64a1c9171951e4f51528d58f0ee5e884226a22464
case_037--vote_state,case_037,vote_state,ENABLED,ENABLED,True,ledger_amendments_object_membership,0f202a43acbfbaf7b6a58098adf7713240208e904f2bdd92e283f89599e4bfac,0e0fd65fefe695c514bc767679ee6ab22294c4447427ae008c11d8e5a921f9e9
case_038--vote_state,case_038,vote_state,ENABLED,ENABLED,True,ledger_amendments_object_membership,c2f3087ad4a641ac2bfa5864a88fad15fe137212c08cedafe16e737d342893bc,ca401847020c4534d2a4604f0555bd1a4052ef04e42583a11df9f0ca2141f495
case_039--vote_state,case_039,vote_state,ENABLED,ENABLED,True,ledger_amendments_object_membership,3bb41ad88f93b245f0ef56392f7dfb7b4d5f8106b8c78fb6cf90a08740802ce4,01e7a8326f0a6028b2c97870d5d3358241a5cc772a7580b2d85b4b7908a8e92f
case_040--vote_state,case_040,vote_state,ENABLED,ENABLED,True,ledger_amendments_object_membership,a40baa9f6542a8bb94a26223fb272e43e00a0f340fcb18da797ee4cd2b9a75ca,f31b9c7c1f63d43e63664181c19ac035790e95bbe2523e4eb710be45bd821515
case_041--vote_state,case_041,vote_state,ENABLED,ENABLED,True,ledger_amendments_object_membership,93466c8224646394983dc7b4e3b8fdc1f2c209bc2deb19826bc25e66fa13d351,3c422083acb0edd2fd2e800d856b30fb5c0e31ca01effad62ea576cc9c05e27c
case_042--vote_state,case_042,vote_state,ENABLED,ENABLED,True,ledger_amendments_object_membership,45d8f1b2ff27ffc376d2012c49a003245ef3a616717de08cee89f0f184d60f79,fe59c4e7079934f3e390b9f41e0b76cc9b44610d47a3d266ab6dacfa215f9751
case_043--vote_state,case_043,vote_state,ENABLED,ENABLED,True,ledger_amendments_object_membership,f56ba95102e390074d9827edbeaa25a82fecee8d206549059c7d0177ea073c06,ff36a8ec206fb32a7c407a8e622545a9e63abb6bab4dd290b0742f97ed26ff7a
case_044--vote_state,case_044,vote_state,ENABLED,ENABLED,True,ledger_amendments_object_membership,5139ed9713b90fc6a13d3670bd0e06a67438123606b86388ed9ff8db0a01045a,f3c462d114b3c7e824f9ab790519fd9770ca8c40e4cb91dea24b3d353a23577e
case_045--vote_state,case_045,vote_state,ENABLED,ENABLED,True,ledger_amendments_object_membership,3656a9ff6091bb3f9aeff4c21272acba0bf0430d4a0f77c21bda57435f630585,156e65834e5b729f7c0c1972922c860f5a10aad67e7d213fa2a11ad97f1b6fd9
case_046--vote_state,case_046,vote_state,ENABLED,ENABLED,True,ledger_amendments_object_membership,65ff4d4ff62edaa11be9b87f5196be0734eb22f84cf25fef43bde2f142caf681,4c2ac65a6b6290f3815d25d1e1f1d805959a67c21e885bfc43c195749ef5c5b0
case_047--vote_state,case_047,vote_state,ENABLED,ENABLED,True,ledger_amendments_object_membership,064448f1e4f19120f080fd3b38a2dc97850a6be8db34340a7eb2038bd85765b3,ad2904f1185ed62b985dd76481bea5445b3454f0aa06db2f4c609fa7b3606377
case_048--vote_state,case_048,vote_state,ENABLED,ENABLED,True,ledger_amendments_object_membership,921a6952b66268ccb8393014d87bf982cc410fdf84504e9800f94dea8de7757f,4937ae25df95eb45be83267183f8e381aca42aa59c37c17273db5f5befa9b18a
case_049--vote_state,case_049,vote_state,ENABLED,ENABLED,True,ledger_amendments_object_membership,e20a7015f8eea33be16c272616840bac841ca9e03610856d48810b179c76668a,7da76f3ddbde570725049af2681e4f187cb6c55df42b3684d814f74ec30306f3
case_050--vote_state,case_050,vote_state,ENABLED,ENABLED,True,ledger_amendments_object_membership,373da426512bfd42c7e38d5d8a1294b037a186a686593ca85622dde4f69cc090,77705465545fc1317e884061cd6d2e50637305a6f95620f3c847d09296d441e6
case_051--vote_state,case_051,vote_state,ENABLED,ENABLED,True,ledger_amendments_object_membership,71600b6a4fda864d6b4f5bdb550b0cfc45ab79bfa9c9879d48def2a1feac69b6,88fcc9690f923e01788867a45d8b90bf31fa3bf2c9c056cc74e6c0e274fbe7b8
case_052--vote_state,case_052,vote_state,ENABLED,ENABLED,True,ledger_amendments_object_membership,729cb491ac3805a30cf988090a38ac17a4d83e7be3f20f93501a0176e02fc77a,73d56a47a1e65e73bfe5ae2f4c975e61263c418264f5c69ff3d42840164b453c
case_053--vote_state,case_053,vote_state,ENABLED,ENABLED,True,ledger_amendments_object_membership,ab9324da37431fe324b452be8804943531ba1df17ba55a0a5b1ab2c79de87834,8fcddf8c8bb643e80849f39aeef1f6c7cf6e5721c7a22038e4161366cad91af1
case_054--vote_state,case_054,vote_state,ENABLED,ENABLED,True,ledger_amendments_object_membership,e20a925b8129c04aa6a1e9b24c5fead344fe8955db265a53d1e61964a7220ea8,932d0a54838e8e8f3a3b28493a838682d3ee1edd998cc0465444b01c7d4640d1
case_055--vote_state,case_055,vote_state,ENABLED,ENABLED,True,ledger_amendments_object_membership,9cdce1e1020d0c250cdd061b7e900e72dc8d07efc493b6fc8f2c1e79f309e441,b700ffce7d01e32ad5a163368e1f84195107788ee316e201d19f0e342d34247d
case_056--vote_state,case_056,vote_state,ENABLED,ENABLED,True,ledger_amendments_object_membership,7f33fd5f41080fabe9992b31efcced54fccd7784c3c147b695bb39e4f06bc916,aa2ae6db854d2a4b549493df397addc1579eb0393512970a2bf25c795a34c68c
case_057--vote_state,case_057,vote_state,ENABLED,ENABLED,True,ledger_amendments_object_membership,264609225a80d87ed446964ac6de27e6d3b857391dee6e736ad63c0b3006543c,2913ed643e535a598bdaa5860da0e1d2f00570497b2a99490baf1f7be61a2403
case_058--vote_state,case_058,vote_state,ENABLED,ENABLED,True,ledger_amendments_object_membership,296274e3993050adf7146c100a9563bd429f9b040fbfac542093c33b0576a717,eece2234af36bbf6a8d5f61981e03ebf17951ee281486d599af8c1164797e0ec
case_059--vote_state,case_059,vote_state,ENABLED,ENABLED,True,ledger_amendments_object_membership,02396aa8965626da45908938fefb081590fbbfe5ba453c8c3b3f7457af5e8c69,0aad6bd38fa5969d7f8defade621276708c5165502812bb8c94956c6a86d1d92
case_060--vote_state,case_060,vote_state,ENABLED,ENABLED,True,ledger_amendments_object_membership,37ac84c686a5c7864f2fb894742f18fbf1dac29fb730386b091b4c10823dd3fc,cc085b71a3885863753133b5922b51bad432a6d6332e04249be958a177821b84
case_061--vote_state,case_061,vote_state,ENABLED,ENABLED,True,ledger_amendments_object_membership,4591e02ef8363bf5f31a278c59ebc6f08b3588398b93aa6c1be286cfe8706634,3a53fd8e42c02625c68d6f65d1e64bc64fafa6365f29b89c2238fb948d3dda5a
case_062--vote_state,case_062,vote_state,ENABLED,ENABLED,True,ledger_amendments_object_membership,7104a08a05f6de58268664bc7f112b92b5bf982cd87e6154e661da258cfc5a18,66bf967ff8835ff0ebec45282a4748e18d39ec4a93a03ebb8192a10120a58214
case_063--vote_state,case_063,vote_state,ENABLED,ENABLED,True,ledger_amendments_object_membership,e2985714b419c83d7d81fcfad25d73986e121351b51544da1e43842762c766f2,d460f362987163ae4ab14daed44c02bb1551d1581434d75b61797d220f2bc247
case_064--vote_state,case_064,vote_state,ENABLED,ENABLED,True,ledger_amendments_object_membership,eeb8d2f9ec3c5f98890eb539d4487ea069f5c7d3268564af3cf9b1e6e5e26078,99501575a82ed67b48497daeb020d2b9793d01591f59d87a8543069172479c8f
case_065--vote_state,case_065,vote_state,ENABLED,ENABLED,True,ledger_amendments_object_membership,0cc209c05c916f6047fab55669898e3528f42cd164f3f7d0c4a611ce2c19ea96,4ad523c9d37a869a8823b4660046a6bd0d305b6ff3b2d8eaf48cb690338da3d2
case_066--vote_state,case_066,vote_state,ENABLED,ENABLED,True,ledger_amendments_object_membership,4553699b50d305116491e1a0133eb1ce3286e3b9d8463d3003047ad62b5b430a,67fb910d0d88da1e9bf6f640bf3d6678575c45064e6097919686dbcad75144c1
case_067--vote_state,case_067,vote_state,ENABLED,ENABLED,True,ledger_amendments_object_membership,362ad42f64a2e12b48b30a4d01d37850bcd9126b6c1fc206426471b1e48d0cc5,bd4a1ef93245e6577133f927224698a1ce6fa765c633d8553de576c33b3bd140
case_068--vote_state,case_068,vote_state,ENABLED,ENABLED,True,ledger_amendments_object_membership,bbe66fa7861d59496d822420169ebd50642610e4fcc4e5d056d6b2647d9135cd,e5c3fdbd85823ebba04ec52a743df94d27859d54719dfb339bb16609e312e14a
case_069--vote_state,case_069,vote_state,ENABLED,ENABLED,True,ledger_amendments_object_membership,079ffd9123defe4afd69b1fab756883b03afc47b4a88234da4878bc4d0b3e059,f7924f735982e25c30b7b79b3f3f5d2a1da34e56bef399394a45e8a6dde53bde
case_070--vote_state,case_070,vote_state,ENABLED,ENABLED,True,ledger_amendments_object_membership,108096b10e80d0770f26c0fa91c4641daa52300e29c41be16b40559e1faad717,9904c82d253162cf25195a39313b46e6cdc2ac12f7427487d47688abac532df3
case_071--vote_state,case_071,vote_state,ENABLED,ENABLED,True,ledger_amendments_object_membership,b568e8ad2636c62e9241bdbf6700625158fa44e8670cb9247f31890c5377994a,cf0a587e1d9a7b2bd6899d45f179dd39096e0fb3d920aa877751f94eab6df73b
case_072--vote_state,case_072,vote_state,ENABLED,ENABLED,True,ledger_amendments_object_membership,f1b0d2493017cb97bc13beceed09fec837bf3cec7d46c205f30f6afdda3c0ec1,437897f390a127be16ad3714d9fc6105fd1fd0f423ac006cad7cf47f5793707f
case_003--default_vote,case_003,default_vote,NO,NO,True,risk_surface_default_no_prior,1fd8af11f7731b2c79b3802e1cabdec7fc9c99e9449fe1bf9b5b23791f4133fd,1924fe2b49f368a29533651bd8de8b0477c1f586f3d389be1dc153945d9292c5
case_004--default_vote,case_004,default_vote,NO,NO,True,risk_surface_default_no_prior,35f87349337a6c405e0f416643eb1217a21dd878dced4647dfcfc48a3cdf5b1f,d84299c05bd38ce5596bf81be85772a06f60e306471a75c29cce683f9159a7dd
case_005--default_vote,case_005,default_vote,NO,NO,True,risk_surface_default_no_prior,ba7116310c763baf4e21b8d4c72d352a01d5b83bbc893ed96e54ea79b13f20a3,b920e763d673bb0db534b6c80080dfb0689b94746775d68e353cec768eb7527e
case_006--default_vote,case_006,default_vote,NO,NO,True,risk_surface_default_no_prior,3b4a01565cc606e3f03f8aaa4640702753c225da0972103bc8a64cb550030390,8ac7930885d8525f5aa76909bb68f2834a570aaf8bbbbe73619486670975ba14
case_007--default_vote,case_007,default_vote,NO,NO,True,risk_surface_default_no_prior,5409762196dd3e3cde95640a005060b1095c3a554090f3e061a4e9ad50eee5e3,b72915e5bb3244f6589f2a49c7c6b723068bcef15dd1a648fa05bea26f045a7e
case_008--default_vote,case_008,default_vote,NO,NO,True,risk_surface_default_no_prior,0f1fb1950dad3d87a442df815aee84ed781f9fd3a051c1011e4230f06f3c3d5c,1ceeb213eee3a2a269aefdd8248dfcdf1631ca26aa057bb852e2cb7f429bf86e
case_009--default_vote,case_009,default_vote,NO,YES,False,risk_surface_default_no_prior,b0cdc2c1e66cd9a3562f8822cf5367b702d5aa9bdf03521ec0ec27a95f5e7ed2,c7fb350c7d6d6ff459d64856593d7064988f16a8208426516398b46c0c13be76
case_010--default_vote,case_010,default_vote,NO,NO,True,risk_surface_default_no_prior,854ea641b64e260c0429a7567818a349c7cc7598217ef4733c86a3cd2d97b187,bc76ccb3ae47a574e6e9f08c836e5a328df93df264bcedfa78d146d7ac505f0f
case_011--default_vote,case_011,default_vote,NO,NO,True,risk_surface_default_no_prior,3fd177350fba77250b03841bc5bdec2120338e9c169f321cc4bbd02633906c97,4a8b0f67ceecd356dd14c402a20a92ccd352cfc9d12c213cc4dee7081b68e728
case_012--default_vote,case_012,default_vote,NO,NO,True,risk_surface_default_no_prior,c9c63a7a6d63a192e96c60aae4f27000cf91bef4dc2586bdea0c88e3a845c65c,9adb40f060d17f93a8424bc9f6152321e7693f692891bdc9107f1f291f34d268
case_013--default_vote,case_013,default_vote,NO,NO,True,risk_surface_default_no_prior,fed25d8478b14b13fa72b1fba5563a36bb8775952b941a897e226de53a5929ad,2910b8e506db466f585a252ff727f1385e26679c272e05e6ac1277cb4576719b
case_014--default_vote,case_014,default_vote,NO,NO,True,risk_surface_default_no_prior,c255b8ebf3dfbdd866a7cdc763ec91a89bd7212a61eae7fb2ebb2aae89f417e7,32fe7aebd5f315f9983c03290171730408361d9aaa26fda5c9e49c84cce99da2
case_015--default_vote,case_015,default_vote,NO,NO,True,risk_surface_default_no_prior,455c1bcad13a1378fc43089ba0a398557f9bab1854586f2758e1eb8af945d1cb,6a43aed0688b585436cf0960e293f7a19263dd32ece57069b1de707a19600f16
case_016--default_vote,case_016,default_vote,NO,NO,True,risk_surface_default_no_prior,537547ec6daf77be16fdfe44156048a31debfc4232f3a976ffefa529706c3fd0,2fffba8235a6b9097cd91e38595583e434aa7767d77b0e8901460cd3720591c2
case_017--default_vote,case_017,default_vote,UNKNOWN,NO,False,unknown_default_vote,fb9a56f575790195a886cd7cc6a21e67aa3842fe931c571c72489a3057a54be6,a060ce4fdb0f73cde6a4136d0a8d4bcbd1a165a5c4dd16a8742ab00d16153160
case_018--default_vote,case_018,default_vote,NO,NO,True,risk_surface_default_no_prior,e345208b97e3bc78241e19050063633d83749786c1cc324ffda7cf05cdb31985,607d15cd20c5157f21acff5984d484ea2b3c0507dfb51afd587cc9ffdc97e7a3
case_019--default_vote,case_019,default_vote,YES,NO,False,fix_or_cleanup_default_yes_prior,27e01a7d3e32e97c538cfaf3d71e869362baca3032fad6fb2dbfd2935fa5eddf,5eece135b0ba646f83a1777022f269023ea29b1afa38744b178d62d076b95694
case_020--default_vote,case_020,default_vote,YES,NO,False,fix_or_cleanup_default_yes_prior,09139d4810ae00c01deea5cae1b4177047a4f25f7bfad5824ad736bb73078f5a,1dedbf77a1a52884cff19c7ad8a654fcb57bbdd470ff0308235bc4a3c2b8dad8
case_021--default_vote,case_021,default_vote,YES,NO,False,fix_or_cleanup_default_yes_prior,a8779abb19f2196879bb4c6f7856f5d78731f97fe9abb74a2ce9047da6a71db8,b5827c02196d3d87d9d0a300892bc9155b20d58a46f51b37022a8fc88236f1e1
case_022--default_vote,case_022,default_vote,UNKNOWN,NO,False,unknown_default_vote,dfd9a3fe28f81f1b1ecd9365b3accff9c12b2c42d665ecde127f9b7fbd50a1fd,e8398f68f87ca528d4828b74c9c47184643c39ee693d91267a685bad7b51b5bf
case_023--default_vote,case_023,default_vote,YES,NO,False,fix_or_cleanup_default_yes_prior,1d3952c2340ce45b8429b39368747808c456b5bca09da6501fa62bfbd37adad7,69add6694fc66a23d66175e96e15c0bf4208d151118d469630eabb47131925c1
case_024--default_vote,case_024,default_vote,YES,UNKNOWN,False,fix_or_cleanup_default_yes_prior,f8d08d1840a799681f41972e97974195f8b1e89895c7b28053dfec10dc348483,fb33e34536c54bbd78e0eee5094482b58837644ef6a4b54a8676b7f513deae2d
case_025--default_vote,case_025,default_vote,UNKNOWN,NO,False,unknown_default_vote,d5748a7cc6120480398fc57232e55cd203ea2617bbcfb6d879b9322391f72b9f,132662f602e5d2a679d139532b18047a8b727f01a8e3fca8e5426f280813c75c
case_026--default_vote,case_026,default_vote,UNKNOWN,NO,False,unknown_default_vote,6c4742ab8884f88c42efe7cbc02266d3ff472b15df9c4efa8f5c1980e2a891d5,b76a66baab5e2bffef8fcf724ca41cd1c93ad0f5c417f15d167739e2bfe60d1a
case_027--default_vote,case_027,default_vote,NO,NO,True,risk_surface_default_no_prior,e6d89042fe2aecd8b936aef13dda93e994f6eb0170501e0a2f10b9b5ad38e6cd,2ab6eae67b3ca643f48c3f3d32496181be05474aad10e657d723eab1df464cd0
case_028--default_vote,case_028,default_vote,UNKNOWN,NO,False,unknown_default_vote,33f8f19da817fa5ff505e42a5238b7dc6f1339c76cd5b5cd3216fba4aea9caa4,19717f1bb3d43522f0313db475f3495430493a8fcfeb671045bc1954eb2e718f
case_030--default_vote,case_030,default_vote,NO,NO,True,risk_surface_default_no_prior,6ff350279f6cd5d29019f3b8f1093d2ae78de92adf1c9df6acd1ff2d2221c5ca,72ee04e5c90d6a7fd9ea6817dc458a9db54dbeb8e2240f2b16bec528ac2d9bfc
case_031--default_vote,case_031,default_vote,NO,NO,True,risk_surface_default_no_prior,fe241dd2a3b3fb1ee41df93479da1696b3ee023ce48a7cbcf5182622db68bc98,a650362f4724f8825118c5c5458e08ddfad1dbf72fcd7cec6c256aeeb2f7c021
case_032--default_vote,case_032,default_vote,NO,NO,True,risk_surface_default_no_prior,bfd6f5b7777354b8d23014b46e7c254dea4898457fcdda2ef8bdeaae1db739cc,5066481b0d4bd89d289fbafdfa8f04a8695e7adadd5f91bd5456f9306cf67353
case_033--default_vote,case_033,default_vote,NO,NO,True,risk_surface_default_no_prior,c3b7837c213a0a781de1429c6ef224125a7555ce05bc48f16457642e0e770d89,c7fc80ce808c05b343105d9045edabda19c18d53b372ef30e6202e0500fc3990
case_034--default_vote,case_034,default_vote,NO,NO,True,risk_surface_default_no_prior,4a6dd0c9146697c7eb88e0b69472c67292ef67d9d2337cfc42572f4bc7953425,d1949e2827af34ffa2a29acefc077078f5170cc9c2c24607c6a0991e309cd41b
case_035--default_vote,case_035,default_vote,NO,YES,False,risk_surface_default_no_prior,3cf7aa1afcfa32869e4b30c54855acb8b5906f3a0d955c419041c23c73e17f62,348050a86a3f750fcf735bef35f5ad7f56e6277f131b2f837700f0ab860ab2f1
case_036--default_vote,case_036,default_vote,NO,NO,True,risk_surface_default_no_prior,afb872117bd95843c081329aece9f74f315b76fd09185e9507cacb5e9cc3a748,4394bf920ba3219b384dac6dff671b9e7bd61da464465a2dcfbf8bc2ef6c5c78
case_037--default_vote,case_037,default_vote,YES,NO,False,fix_or_cleanup_default_yes_prior,899ef4e36b0c61196b2a473a011b01d262da34bc83eb55a09e1a598100305e66,836e78f0a9a9b8f0c6f893b9bada4f29eda255c68309a9059a5504aea183ef1e
case_038--default_vote,case_038,default_vote,NO,NO,True,risk_surface_default_no_prior,66003cbe115a80bfd62becfab9009cd26e2a665334f4d70ec63c2c57b68e1bdb,cd281eec1e1b06632fb0013eff6f5bef8f3166baf63b7857bcd84ad12a7edf74
case_039--default_vote,case_039,default_vote,YES,NO,False,fix_or_cleanup_default_yes_prior,aea915c9a2b994b797a874e61b669b4b6c230e5bb02dbe613abd626409379fbf,f42586d2090507df5b2a4db1839c4cf67032c8225175d1b3eea10cdb3f9130f4
case_040--default_vote,case_040,default_vote,NO,NO,True,risk_surface_default_no_prior,81a81140ee0d9d97a2e52d00be284f0b2c41db7dd0048d3f0b28e6985f759eb2,4fd383aa44ddbffb8482aeb8a6ee545ca7ab27e4762a24413d63012b11a44fab
case_041--default_vote,case_041,default_vote,YES,NO,False,fix_or_cleanup_default_yes_prior,73b9412e64286d1a89a24364f34e5d049cc85906b37a57444e36d23be61d828b,9c23fd08929e486ae4f3da9a1b96d14c63b18840d62603ab9e1fc4fba88dbee1
case_042--default_vote,case_042,default_vote,NO,NO,True,risk_surface_default_no_prior,e4065283afd17b813ab5f1ccc02021dc5f5601f9cc0712d5df2a1c4bc6758711,c1d24179c7af5a34b31ca8eacfb9168367d17ff897a68ad09eb9f69907e14909
case_043--default_vote,case_043,default_vote,YES,NO,False,fix_or_cleanup_default_yes_prior,91d20282f6dfdf5487ff5ce733f7df9c599fd7112617a6f9e43a230cb437b586,f6a51d3850f05e2db8571204d172673b8e9e8908ee0a2500e100720af26389e2
case_044--default_vote,case_044,default_vote,YES,NO,False,fix_or_cleanup_default_yes_prior,73c41651c814a677577447572aff030c0f41d65043a96293be278a4b407808bb,8f156826e83892ca30f7a21d6d35be12bdea7dbd15933c9fb3698b6f89d0735e
case_045--default_vote,case_045,default_vote,NO,NO,True,risk_surface_default_no_prior,48660b5cfde26fb1907b05f803d483576555c977ab0e4723ff0b7e4535b1a65c,de8adc40e1fbefd27a0ceeec076074aab663c2e566f3615c2df194902cebd852
case_046--default_vote,case_046,default_vote,UNKNOWN,NO,False,unknown_default_vote,f5a4d9e6632cf9d9d5572cb5cd91d6ae2f5b3aa94bc63b01f9c4762d7bc1b0dc,4ab77da23bce02c7b4ad0db8cc53d8a905019760bfdf71a8946039fb2c1e2c50
case_047--default_vote,case_047,default_vote,NO,NO,True,risk_surface_default_no_prior,2acb91018b3ca72bc0ae1c32d5c6d68a3dcd52e07d27658d1dd3d3d5e0df256a,59262f170c3482a0cbb8a0fbc4829e2ae374480f0f816cca597403211b4c12c9
case_048--default_vote,case_048,default_vote,YES,NO,False,fix_or_cleanup_default_yes_prior,c2cfc30e3f94f92e9896139f6cb54fe1938b6c41374f8d548e5c85da9a17451e,b2b162f90c0b13b1dc77fc7bf653e526cf358a0c0b3558b89bca85410eefa225
case_049--default_vote,case_049,default_vote,NO,NO,True,risk_surface_default_no_prior,5730ee30ebd52369281b23488ef14fa4fcc8188ebcea71094f7b2726cb7fd632,8aba140f1e091b58cfc780d1e880c4f984be38c71940de9ada82f4a174d91648
case_050--default_vote,case_050,default_vote,UNKNOWN,NO,False,unknown_default_vote,25dea47f44fed323583d78e6cd8ea127006e8f7990859c24ff10bca2c1f76b6f,f0845cc2a8181036d1d1d8a62fce01dcfdbc63d1be4368fa3e71d313823fe567
case_051--default_vote,case_051,default_vote,NO,NO,True,risk_surface_default_no_prior,671815c50c449bfbbf0c2f06ebbbc5ab4e722cb50ce3b872cd6f4e9d13b4805d,51da2d6ec1e08e84a9c1159cea6f6a8d9f0b2d4bce14f08ab92a759f8c35d174
case_052--default_vote,case_052,default_vote,NO,NO,True,risk_surface_default_no_prior,ec97cacb05976af2f5bcdea53a62874387f65feb0c54d2a7f9c2b0e57a8a21d8,5200ab096b7c465891ff5f22b66575d40a9159c58d40583c79f31fa4aa7b0dee
case_053--default_vote,case_053,default_vote,YES,NO,False,fix_or_cleanup_default_yes_prior,aa2a11f9aed1df343bacfdbf9061624a5f815e22fdb6481c005903f0b4a6121a,d585bd7f0a6535b0e84640bcfc540ce907ace1e3b73bc6fe8d95e9cec5661413
case_054--default_vote,case_054,default_vote,NO,NO,True,risk_surface_default_no_prior,bee0d99e7405d7901f4c4899f07cd0413ffc6976cb7adaab2a21bba4dd7fb0a8,41733577a98c6b3b8b978bda783ac0702b5f24bccf2649dd9bbc15e32adc24b7
case_055--default_vote,case_055,default_vote,YES,NO,False,fix_or_cleanup_default_yes_prior,93d5390f9f24387faa37b0fb507ac5720f5f75fab5225b530e9ca9eeb765a0fe,0f093e8c41b033ce2745b801c621735357783f64878f819774bebb016847f27d
case_056--default_vote,case_056,default_vote,UNKNOWN,NO,False,unknown_default_vote,09334b7d0e52590516844c4111964f2a690084c63b4a31f5649f73b8d965b2b1,1ca566b0704233d589d858b9a0f79d6af1e03c59d01c3cef569f2a4d88357a21
case_057--default_vote,case_057,default_vote,UNKNOWN,NO,False,unknown_default_vote,dab1cb6cf0b6eaa280ff867523544f1151451ad292f8ccbba766ba2162328451,01215c955513d99ac19af641dc31516f4c87c1479062a06359367efd5fef2e03
case_058--default_vote,case_058,default_vote,NO,NO,True,risk_surface_default_no_prior,d65514e3ac77f5605b17245ec34fb435f6c484d703aa51ae592fee22fecd5370,f18a9f677a1d5eaae933a9783fd40d812c69a3cb8c19930a34760c313a656802
case_059--default_vote,case_059,default_vote,NO,NO,True,risk_surface_default_no_prior,30b17b1bf5d276c9b19086a509bb758238dfcf36d3f188b2d279588c5d400ccb,2395d0b898ffee39a70a34320f4fc86c513743076f9093e98b8abe413ca08fdf
case_060--default_vote,case_060,default_vote,NO,NO,True,risk_surface_default_no_prior,2158efdd4b0bd29580ec2f7cb0e2de5a89d412fa3a7302642f568ca9065d0b67,7e7c8520fac7f4fc8526b7b4951b95847d6b3d21b01ef57ddaca6c353398ddbe
case_061--default_vote,case_061,default_vote,YES,NO,False,fix_or_cleanup_default_yes_prior,db28f7e8477431167c0c15822cd227de7f20897d2b5e8c0cf2c5dac0be2096b5,ccd1fa7305657806081a1ca9e53a04167842308c6c13e6b1e6e3397eb8d3a1da
case_062--default_vote,case_062,default_vote,YES,NO,False,fix_or_cleanup_default_yes_prior,106b6cefac2897f0619becaeee1e0bb08682c9cef19ba4926ed79545bef43b08,6a907c3fd35c884355fa58ec822fa44685cb9237fecb170f00643d710b52ac3b
case_063--default_vote,case_063,default_vote,YES,NO,False,fix_or_cleanup_default_yes_prior,8280fe7f9fb89e62d7620d70788bfe4102a74cafdf0bb8f965b174c5a4fa4ba4,671779f315f5c2cda5db2cb1597e41381b4cd23ddcc66f67998aaa33b3a51ff0
case_064--default_vote,case_064,default_vote,NO,NO,True,risk_surface_default_no_prior,0e723d4f37e1b66f28304e4a62978f2d0845ec79bb104375e25b115b5efb7ee9,c5ce3a134cecf45e352ab4dd0a2bb59def16fa376036fced6bccf7d63e11b679
case_065--default_vote,case_065,default_vote,UNKNOWN,NO,False,unknown_default_vote,b9fc2f76446a52f8b53cce40c8135eb849ea5c215d134d00f86cda40ed5dbb23,7aa91637cd8897dbee76d5fa5af79b67df64812bd74ddbe3ad875d23a49604db
case_066--default_vote,case_066,default_vote,YES,NO,False,fix_or_cleanup_default_yes_prior,5fa40d2719e60a552abded543b1bf060c32aeba65f6b42ed35c7e475f7d36592,6d08202aa2bd99c1199561b7667fa653f754e329436cc1f38489e8d0367f75db
case_067--default_vote,case_067,default_vote,YES,NO,False,fix_or_cleanup_default_yes_prior,bdd700d00d025c85e8078b3f3a2e5024a08fc41b31ced07fb2155f7be4310245,e79ada615cffb2bc41baff478b5b8e6c7b56d153f8b6fb756c2aa510b8ff3fca
case_068--default_vote,case_068,default_vote,YES,NO,False,fix_or_cleanup_default_yes_prior,71debc53988f1d9e7762c0d9ba7ae4ecf54adfa26d7a69bc3399396abd231e42,11cb445708d3f09e276af0a6c0c0fb36e93df8bbf8908955a8826770c9d06eb1
case_069--default_vote,case_069,default_vote,YES,NO,False,fix_or_cleanup_default_yes_prior,1b3c8f585fa86e2f41ecf1a741aec0ba79785fb7a1e1886c07a5b52555b91265,2bbbd2f0e3dc29f2ea12a34df9716e0b6a6b493cccc4f489e4e121aed1df1c77
case_070--default_vote,case_070,default_vote,YES,NO,False,fix_or_cleanup_default_yes_prior,279b2f1406640c09829a2107b741589bbb16947783426683c68d3a440b8b7a9c,906cb96f00f6c9a3505eea497642ab9cc01049178ad12ace21f3a3ac962b01a6
case_071--default_vote,case_071,default_vote,UNKNOWN,NO,False,unknown_default_vote,cabaccb31ae4b7e1276ae74b599f0f8d15fc85bb421947303df490ac2edaa3cd,3eae94d70ec87f68cea915a933e2134eb7d23a718265813f55f78a81b6bcddbe
case_072--default_vote,case_072,default_vote,NO,NO,True,risk_surface_default_no_prior,7b9d2593434248cef9c99f244a1283b8ba83eefb3ae88fdac32d8620d38ca49c,c994e1efd962d5b9ee651dec2c1cd63dd8d88395979e65ee2ddfeda117ca35e7
case_001--triage,case_001,triage,DELAY_FOR_FIX,DELAY_FOR_FIX,True,known_bug_or_liveness_risk,c209f9e57c1da69f1d16396c5a13a8ead51ff9474e3265db5a5f8ec394533679,b1f50c5facbad7f8a68c53188758a817b3c2ac909df97915dda498d3cccad7f5
case_002--triage,case_002,triage,DELAY_FOR_FIX,HOLD_FOR_CHALLENGE,False,known_bug_or_liveness_risk,58b6203a80458fa03135a126169591c00f7c27717da99ec231cf97642911719b,c0cb730901d8a63b253a808ddc0b7eea84e078a79b405de44c41306a49fa5af1
case_003--triage,case_003,triage,REJECT,REJECT,True,explicit_no_or_critical_vulnerability,1e87321fa3db5c3ce5dd7c53bbf35fb935b7610edee8a970435c3b6a0c341f84,4c1d190d7add426d2796f907c65d5cc0df35259f63b282fa7ff53ccbe3cbfa54
case_004--triage,case_004,triage,REJECT,REJECT,True,explicit_no_or_critical_vulnerability,baacb4f246d06d951eb4e742c7d8d08338d25bf454b748bd740442457d2c6920,dd50f0ea3a6d74d2982d824bd8b6306a88f31c32a9aebf56fe6c119cffe5c3d8
case_005--triage,case_005,triage,HOLD_FOR_CHALLENGE,HOLD_FOR_CHALLENGE,True,financial_or_compliance_review_surface,16534e4da8890dcc1b652581b053d9c3e7d4be70a8e3c55a2f59f8264d2be10f,ec10e4dd1aae9c5fb2a95a6aaeacb2c8fc9b9a28d8d702bf7ee84bfd3f467b5a
case_006--triage,case_006,triage,HOLD_FOR_CHALLENGE,HOLD_FOR_CHALLENGE,True,financial_or_compliance_review_surface,b5e39cef4f524a3fb0f8ce68c0b5cf8122d5fdd8ff3e0616282a6703c132f028,a2e65090d164115dda88060a5e9ebbc8b9e522d65d026290d02eba55c2ecee55
case_007--triage,case_007,triage,DELAY_FOR_FIX,REJECT,False,known_bug_or_liveness_risk,ab7864d7ef5b922b86777f2f31384b8b659af2f13e7ca000efe2140a7abb0aba,41fdceb3575a42464d2eed9aff56edda027a2c3ab7d90ea7bb0eda41277274d3
case_008--triage,case_008,triage,HOLD_FOR_CHALLENGE,HOLD_FOR_CHALLENGE,True,financial_or_compliance_review_surface,b770126b43c7099e038a7ecb553ba555e4628291c0432594fa9058f0729de8a2,5fd81869f6a056fe0538ae938116ae3f0d59ae67d212395f8b02ac0d1ded3a67
case_009--triage,case_009,triage,HOLD_FOR_CHALLENGE,PROCEED,False,financial_or_compliance_review_surface,d97044064d78c754d23f0a61b8f76cb7e78f25ef110dfc3b4ab521e4fb3ed452,aa5710a3b5e1035c33a673f4ff3788859461b5b71dfd1ff41fbc0cf92c8bb0fc
case_010--triage,case_010,triage,HOLD_FOR_CHALLENGE,HOLD_FOR_CHALLENGE,True,financial_or_compliance_review_surface,58cd81c62f49759cd0f0d5975064106d127c50b6520365a5d13c9f1af9a5e41a,ff18677255b1583934a411f0d0514ffb5c6dab71e855ed545aee65f4bcd9b6f2
case_011--triage,case_011,triage,HOLD_FOR_CHALLENGE,HOLD_FOR_CHALLENGE,True,financial_or_compliance_review_surface,31ead32e9f4b36d4014f8264a4ce0ede637969d80982073d3743d472e15f2e5b,60c5e602985b36ce964f298f1beff517e26331216ba2eb96331170e3a1da9b16
case_012--triage,case_012,triage,DELAY_FOR_FIX,REJECT,False,known_bug_or_liveness_risk,379c8738c52af1d6bdb1aaf283129a88cf8e88d77a2b2570e2ca8866b184650a,742985848f8283f9885013fe51072a7cd0c7caa6c691dec6ab00aef2e159de24
case_013--triage,case_013,triage,HOLD_FOR_CHALLENGE,HOLD_FOR_CHALLENGE,True,financial_or_compliance_review_surface,89ff908c45d12b4b392641cfbb12663b65b2f09e11f398aaa11a316da75ab23b,e668e03768510b5713be908239e99384ae72e7393d83cd5af2e84dc9ddc7086b
case_014--triage,case_014,triage,HOLD_FOR_CHALLENGE,HOLD_FOR_CHALLENGE,True,financial_or_compliance_review_surface,abfc7ca74c3c73bc87eac1a0942630c899450f13708383c5ad77e037738c4ad9,b1ed8f7f90d5f2bbf6b0029031d32da335b9524b926f37fbac771200fdf19596
case_015--triage,case_015,triage,HOLD_FOR_CHALLENGE,HOLD_FOR_CHALLENGE,True,financial_or_compliance_review_surface,99bc82c56f12e21451f93188949818a79f814b8b3a8dd0135917b3ee519bad8e,6125e0287cd8335f5f94fe9499632d8d18b296b8996f2463de9f2187bf53e182
case_016--triage,case_016,triage,HOLD_FOR_CHALLENGE,HOLD_FOR_CHALLENGE,True,financial_or_compliance_review_surface,65e7edc5e15a3443e4fd09b50ffbc3836daf09a8600c2da55dcc4bcb6b01f18d,9d3ab3c2733c697851420696d72f911b4d80ea7ea9259aebb2dbf32fde38e36d
case_017--triage,case_017,triage,HOLD_FOR_CHALLENGE,REJECT,False,financial_or_compliance_review_surface,4425ecbef47f13fe62a63afe25ab310fefa87e2be394b8e2b5ba5aa6699094a4,cd0d278256ae2a6c8db0071bb5ab9054f8a399c39fe2b26a34455c40755705e3
case_018--triage,case_018,triage,DELAY_FOR_FIX,REJECT,False,known_bug_or_liveness_risk,3084a5c938015a03251dfdbc6592c0fa9aeac2588993def78670b7e18a4cc92a,d10007fa2a3398fe595070f871378704268e37cd3eb6f19e8cd03db209d2641f
case_019--triage,case_019,triage,PROCEED,REJECT,False,routine_or_cleanup_surface,e12cf645be3a7a0c25d1e3fa38a4eb45f6c4eeafda53929585b12a4d6961b421,a18f603cc709e7e2c66d3de1212d96a67f20d88a7fe50c58a9039588a3783224
case_020--triage,case_020,triage,DELAY_FOR_FIX,REJECT,False,known_bug_or_liveness_risk,8d2c001217c194884044ae4903143162b4da8ca2332bab7cc997cdfc6dc42585,ecaab00fbc68d7b4afefcff946c8ea9071c1dd163bd3886fa227fa1f23d76da2
case_021--triage,case_021,triage,HOLD_FOR_CHALLENGE,PROCEED,False,financial_or_compliance_review_surface,ec3211ab60d1865a40a7fdca6d694288265c17e14a9496f6b1b208c3954851cf,08850a562d2734ddcd3c40cad820d2a94310eb0d4cfeaf051d9528c09bdefb46
case_022--triage,case_022,triage,DELAY_FOR_FIX,REJECT,False,known_bug_or_liveness_risk,7c876d890f465953c5f96635647c34c07c73f70ec5b8502c0f2eaab4cd52bf09,0c0570c00783cf356f02c8487b16c4d1f9170b06bac1ddfad4c33ebb88d19086
case_023--triage,case_023,triage,PROCEED,REJECT,False,routine_or_cleanup_surface,9c261779b59cd82e329bd934eb30c36d40e8a6676cf791d39c346e197f33ecb6,da9fd5f5101a09663e018efe124928b4d2e35c63c6a451a525b047ca8386b5bd
case_024--triage,case_024,triage,PROCEED,REJECT,False,routine_or_cleanup_surface,5656a749f257ba72dc9a34935edfb90bf3970fd75c8db9563cf7e6b78d32ecad,4bff31563251ef3b42e6a5e52fa512ca239eb3e08c52c2c1566de0fa334d71d9
case_025--triage,case_025,triage,PROCEED,REJECT,False,routine_or_cleanup_surface,0e783413bddfdb89f3429c67ae174068e8152b7b3fe87434438bce4e90c142be,1607b1dcc063d45f1e5a84403133bda4efeb53f00507b8d3bd01226fb0520122
case_026--triage,case_026,triage,HOLD_FOR_CHALLENGE,REJECT,False,financial_or_compliance_review_surface,2340020e089adc5163e41e6dc11e74e897f7d114ce870db46ae38448c9220392,d294166962482f86d1960ac4d10fda75c085610f6624100f9f249656bb828582
case_027--triage,case_027,triage,PROCEED,REJECT,False,routine_or_cleanup_surface,4cb5885f496e596f7046052226340fc812409dc9ae0226872bacd1caf6ac346d,7ec8ebdf73b1adf3f279acd82782da7d0fc1a8a48d38e4fbcecec4b0314ad287
case_028--triage,case_028,triage,HOLD_FOR_CHALLENGE,HOLD_FOR_CHALLENGE,True,financial_or_compliance_review_surface,66d23e9ebbc200259a09f57a8ee5c72c5c5eb216bdeb7c95c9a68bfc4732e4a1,51d96b990233af885c10f1bcc98bb77aaeeb52992554bd0882e49ee1a95ae0c1
case_029--triage,case_029,triage,DELAY_FOR_FIX,HOLD_FOR_CHALLENGE,False,known_bug_or_liveness_risk,38cad7811da70547f8ea4988918f994bfe9b65259c23c7366062794d70ee221a,9c8f0fc6f24dab8904a211d4c468666a91387246932ec1c01949affc5e6ce2fc
case_030--triage,case_030,triage,HOLD_FOR_CHALLENGE,HOLD_FOR_CHALLENGE,True,financial_or_compliance_review_surface,749891673d727bf45d8e679bcf6b0d154885178b992a157207a73288ff778967,a9b63e0aa8b644e464b4bf010aa92edf31627eaf094ee86fb35de4688675e544
case_031--triage,case_031,triage,HOLD_FOR_CHALLENGE,HOLD_FOR_CHALLENGE,True,financial_or_compliance_review_surface,2d3513de1db2795203ccae8bccbbe2e4dc5c67f83f08ecf2418072978001be31,af02269b1e9f76de518aa909d61f07f4c075607c90f509b1eca78097052fb80d
case_032--triage,case_032,triage,DELAY_FOR_FIX,HOLD_FOR_CHALLENGE,False,known_bug_or_liveness_risk,8a83ba80d9a400beef545529ed20bfcc7ecfd3c6222986ed301138d9926bc16f,5cb8dbb33613a13a644a97998673a8c8d866ffad79b615f1e10a8bad6247c0c0
case_033--triage,case_033,triage,HOLD_FOR_CHALLENGE,HOLD_FOR_CHALLENGE,True,financial_or_compliance_review_surface,ebf266ead8afd82728bd3e5bb52bd6c1c5bf44a43ebef511dd402b29ab6a6d98,fb2eca897e68ac7b26d84f6181ea3abdfecb5132e90a4ee3f64ea66e9922bf7d
case_034--triage,case_034,triage,HOLD_FOR_CHALLENGE,HOLD_FOR_CHALLENGE,True,financial_or_compliance_review_surface,d27be7a356e0f1fb59363289dbe005a2fa2b95d3aa96dff9fa7b29a715d31f79,e3fa66ef32cd12df92a2ccae68c1af6e2ec8f748fdcf5dc1ff653a70fe913262
case_035--triage,case_035,triage,HOLD_FOR_CHALLENGE,HOLD_FOR_CHALLENGE,True,financial_or_compliance_review_surface,ce837cf03a487658ba0f3ae1c616242dc6179b345a26d0026e6fd662726ede1e,5db81854ff23d85bbb36a5ebf4c6a9d9b349344a4b167ca92d22970e6cfd3655
case_036--triage,case_036,triage,DELAY_FOR_FIX,HOLD_FOR_CHALLENGE,False,known_bug_or_liveness_risk,4cfc80ddefb6ac0795fa7ef1e6d6be4e351234fc49c868f4e095746dfa000b6e,cbf3865de7dc48b30cde731cff63a6c0ec0954455ef4a10edea316603a8a4c6d
case_037--triage,case_037,triage,PROCEED,HOLD_FOR_CHALLENGE,False,routine_or_cleanup_surface,c4458300fb2f310d09a6f18fa91bacd610ba219d63fe2f61fdb89e20aada3434,c886e292064d543f7c87843149d4fdcfeee3b60719d476eaebfc68f2386fda82
case_038--triage,case_038,triage,HOLD_FOR_CHALLENGE,PROCEED,False,financial_or_compliance_review_surface,e4fb743ec3cc0c070a245c52e369302e6854921e899fb1c8392671cddcb86488,b122311a091cee719ddd61ac7dde299771cb31cd7960c53862a8e125c5f2be66
case_039--triage,case_039,triage,HOLD_FOR_CHALLENGE,PROCEED,False,financial_or_compliance_review_surface,ca2afb7a18a170ddcfc00590f865f073149e236fa8a746b8769e1eb4acc13e49,dea04c8c056cf8b63c231e635ee42e1c207827028b6123faa9aa67adff7a937f
case_040--triage,case_040,triage,HOLD_FOR_CHALLENGE,PROCEED,False,financial_or_compliance_review_surface,ae361934d0fe00157ca2dbe96d0b2caed6065f318b16de639eefa3af1575169c,ed6598226f4c9319f32b577ee0befde3f0b344a7b37c1ed3660e53b30406b5c7
case_041--triage,case_041,triage,PROCEED,PROCEED,True,routine_or_cleanup_surface,3ee60038f71345dfd3c3f79c33465519e1361d7c812b97b4acf569cbd15000e4,93ccc28a160ad15fa6726e690e69e04a04670e1b3c0d34604c5a5a88a13ecabe
case_042--triage,case_042,triage,HOLD_FOR_CHALLENGE,HOLD_FOR_CHALLENGE,True,financial_or_compliance_review_surface,46b8885fef02e9dd7264a5d8ff53572a964f0787e7039bccfcfffd6d998fd780,f5d8d5c3a45caafdf3d760dee32f5864e7c8a4de6e514d4d9346ce87ffc0bc5e
case_043--triage,case_043,triage,PROCEED,PROCEED,True,routine_or_cleanup_surface,dade883951619102af2b3f4fdc52019265c4e931c73c015b605304e55bb98b50,2d9cc34bcde56d7d2fc1c428d329f9d3d9ee5f9244cbcfe63440aacecb581a74
case_044--triage,case_044,triage,DELAY_FOR_FIX,HOLD_FOR_CHALLENGE,False,known_bug_or_liveness_risk,eb18b4aaa85bfd4b618f9b43b1bbfd688f3a1cfc4cec86fb735c4b63076c90b4,c85a8bf41864c90faf560f677f42ed8816d53cb20c68fe20d3bc4982b0ac8eae
case_045--triage,case_045,triage,HOLD_FOR_CHALLENGE,HOLD_FOR_CHALLENGE,True,financial_or_compliance_review_surface,819507a6afeb203883985d8bab21ac5d77f312b5ac8db5fb55b7a2eb56540962,b9b296aa27d2a0961463360c1d1241e5fc1e09e04c8a8c2b8457682ad787603a
case_046--triage,case_046,triage,PROCEED,HOLD_FOR_CHALLENGE,False,routine_or_cleanup_surface,0363ef1d6f496b4b8eba811981aba2ed7bcbab35c25ea853eb4d11a077ac6a1d,34bbc0c46e782878bb7ed25709d775b09485c82db9e30217f748f35a631442a0
case_047--triage,case_047,triage,HOLD_FOR_CHALLENGE,PROCEED,False,financial_or_compliance_review_surface,63a61f3c2eb7368218723373bae9967d7add0d2668feb9a70a1a8361e279f917,79402ead7427a31d7abea8543167ab4961d6fbf985108388c4e3f830d3cddb58
case_048--triage,case_048,triage,PROCEED,HOLD_FOR_CHALLENGE,False,routine_or_cleanup_surface,989f16d6f59ebf57f0c30c756034228b3f8e68ed97986cd2adfb456b7bf01fc2,60d7d1880142f89ee796aedb2611b4ccccb1243491b1c92741ee61fd3d8ab59f
case_049--triage,case_049,triage,HOLD_FOR_CHALLENGE,HOLD_FOR_CHALLENGE,True,financial_or_compliance_review_surface,7d7dc738b86393bbef5a02256bac07217cd3ec8b8b12fa035da2ebecb3dc6ce3,5101db6297b4653c0db415f118bd6004f31422201f0d35fe481ebf579f083d60
case_050--triage,case_050,triage,PROCEED,HOLD_FOR_CHALLENGE,False,routine_or_cleanup_surface,8a34577160a1ab5a0540f6defb836b2f4829f98b308ab5d2a8f81d5ef6532ac5,57fb4ac2892a80d0f892a2bb68fffbc23f4770b33d0a954afae364aaadfc0704
case_051--triage,case_051,triage,HOLD_FOR_CHALLENGE,PROCEED,False,financial_or_compliance_review_surface,7d74f26932674928c24b3238faad968c279ca014f248ca50229ee53bd8162e05,5d39ccf1d084ce1832e2d8067ecbe600e5e8251cde5b3cf273cafa84bb130233
case_052--triage,case_052,triage,DELAY_FOR_FIX,PROCEED,False,known_bug_or_liveness_risk,99012a267ad6c179aa1b032f42adfddb61ddbd1b90cf1767e498d3d7863688e9,62b85f392fbd9f036d966f8dd9cf448a32761cbd35f42f7e624d993d965cad1e
case_053--triage,case_053,triage,DELAY_FOR_FIX,HOLD_FOR_CHALLENGE,False,known_bug_or_liveness_risk,039691c4c58ad725c2179f7fcbb748ce5d936cb97c75a681d3264dd37aef47e6,ea6a05544abd9c35d2f577f6f8aa723555e154d1c8e05d67facaeff869335ba4
case_054--triage,case_054,triage,HOLD_FOR_CHALLENGE,HOLD_FOR_CHALLENGE,True,financial_or_compliance_review_surface,b9b69190c3f03f8d4197a6c7ad7e27e680b7ee8c7aa27111f87ffec3ab616f91,deed176eef02ec9878d517f886c0f3cdda2eaebd0ad8d693f6449f6c754841ee
case_055--triage,case_055,triage,DELAY_FOR_FIX,PROCEED,False,known_bug_or_liveness_risk,0edd833324acce4892207bbeda1a92622360660cc8fcf125263d5283a20feee3,1cd8e88f2df215cd94aafb0e4925b0b4d461ade35cb13808e57e88c370338642
case_056--triage,case_056,triage,PROCEED,HOLD_FOR_CHALLENGE,False,routine_or_cleanup_surface,95b0b860e75ecc4c2998e34e241920112867ddb80de11cd1bb8d87728796d267,315a099d4e4de2f03527e8d742bdf433817c9adef90db9544023de9813d92c99
case_057--triage,case_057,triage,PROCEED,HOLD_FOR_CHALLENGE,False,routine_or_cleanup_surface,d34360b3158a22803b028801ef34d63486a9bbdacbaaf9764d29c08a94b04f57,bc58863355b3725042bd3b93a54a0d9d78f0341246c43c2808fa1d04108f2e8a
case_058--triage,case_058,triage,HOLD_FOR_CHALLENGE,PROCEED,False,financial_or_compliance_review_surface,e2bc2d1011255eed8d6ba213a47882a94d19450ab46ef61e0b0661178d3ed622,9d0eccaa5b4ff6c6e1fa1a40efdd17905e3475c3eda95c705bfe73f90a814c9b
case_059--triage,case_059,triage,HOLD_FOR_CHALLENGE,PROCEED,False,financial_or_compliance_review_surface,c5ee4fdad88c4f9587b2c3309007ef0f51d19c4e11df1bb0841525864429c94e,504e7a6711af55faf5c27d48995a6df5e89d6a862eea206d79b10f0dd7a82d31
case_060--triage,case_060,triage,HOLD_FOR_CHALLENGE,HOLD_FOR_CHALLENGE,True,financial_or_compliance_review_surface,62e9960aff9fa7a510f250a7b3eb6c9054d2dc3e0d6bd865b0f389f22b75d7e6,be628d53a8aad4a4a395a078ea2401655eddbd06701a7c35b9579cbd09404bee
case_061--triage,case_061,triage,PROCEED,PROCEED,True,routine_or_cleanup_surface,1f28719d4e951169dcc569588be3891f20dde0acbc91e66c6f2b049dbba83286,d836ddfc82ba8175721d09deb9743c30c6ab0afb334bd33ad07b675db89f15f3
case_062--triage,case_062,triage,PROCEED,PROCEED,True,routine_or_cleanup_surface,844d2f9aeddda1b4d3cafbaab58ef5430a2b8c8f435f4d96f8317c4bad2d66ca,604cff6c4b8ccac394c89cf10aacebd31a41c0f5236c427fdaaa80d077448f26
case_063--triage,case_063,triage,HOLD_FOR_CHALLENGE,PROCEED,False,financial_or_compliance_review_surface,cc3e9c86215e91a03e0413d3f7773e109f732cc03e41927037b4e8b4b08b850a,14eebff881c241f90cfc96f3778064195e16ee100c9c8c2728fa57e356b5d920
case_064--triage,case_064,triage,HOLD_FOR_CHALLENGE,PROCEED,False,financial_or_compliance_review_surface,626ed5f0998ea1d10c12d1f97f70032393c93a47f8024e2dc37d68f94e1936aa,cc81bc630633121f3d0296bf8dc3db7ab3ad35cab248f5de403a6d71ac695854
case_065--triage,case_065,triage,PROCEED,HOLD_FOR_CHALLENGE,False,routine_or_cleanup_surface,01b1f5ca9b457c473d3ba463e99079c483b978085dd47c2f2b02b85b118813b6,914a1c383136c0a0585e266a163a62bdc86567cf2ed8ba11cdc3d180dfb9ec05
case_066--triage,case_066,triage,PROCEED,HOLD_FOR_CHALLENGE,False,routine_or_cleanup_surface,ad29deea4781aacb5b0ada37f2fa47c011e58574bd33d46ef1b02b12a2594514,88c09e372c738778143160bcd142c30516b726dcab33ce42242892d34f140f30
case_067--triage,case_067,triage,PROCEED,PROCEED,True,routine_or_cleanup_surface,da9009b23d635eb22aed04924839ca80aa1224191ae524f49bcfc8f5d1ecd474,60b45dc9a10dcbd6a3553e054bf2b9abf0a4e720b28a3661421853ab826f1d8a
case_068--triage,case_068,triage,PROCEED,HOLD_FOR_CHALLENGE,False,routine_or_cleanup_surface,4f53520b6915a82e1270ca78cc96da53e8ec93729f00947cc88c400f4e5786f1,4c5c67e57a27b448073326037d69584e51de88f06562f4eee6eab6bfe9940c54
case_069--triage,case_069,triage,DELAY_FOR_FIX,PROCEED,False,known_bug_or_liveness_risk,e3fe4c736bdaa0b18a2d7950c8a72404947676b6fc3fbfddbc56da70fff3b8fb,c37798963f4dda3cc0ebf03a399e209f8365e35ee8c809637b5f6a516800bbca
case_070--triage,case_070,triage,DELAY_FOR_FIX,PROCEED,False,known_bug_or_liveness_risk,fc29db8cfed4be2f26f2e70e5f22706816d2b0702bcecdb6a1d3d374ae4e354b,526795324cddd32b7ae97fda460999c467dbd53764c3128bae6c4fd69f6d1665
case_071--triage,case_071,triage,PROCEED,PROCEED,True,routine_or_cleanup_surface,6bddd728b4d6b253642610389e1455ef7a1bbcbc8c467ef5878b095e672baa51,f0bdf49860be571ba1aa2fca2c2ee227e916f66b9c8a3228ef5275c80f151871
case_072--triage,case_072,triage,HOLD_FOR_CHALLENGE,PROCEED,False,financial_or_compliance_review_surface,0b5bbbfc0ece11a5630e60a907e2a36122ec2312d55829cbf9081164840bb6b7,ef41b54135b0b09c429edce4f6763154f56d2140956d32349fd9d9588b390cf6
